id,name
Hugo Weaving,Hugo Weaving
Birgitta Valberg,Birgitta Valberg
Isa Danieli,Isa Danieli
Bob Hoskins,Bob Hoskins
Sean Penn,Sean Penn
Helmut Qualtinger,Helmut Qualtinger
Orlando Bloom,Orlando Bloom
Raveena Tandon,Raveena Tandon
Elena Altieri,Elena Altieri
Enrique Castillo,Enrique Castillo
Choi Min-sik,Choi Min-sik
James Doohan,James Doohan
Daveigh Chase,Daveigh Chase
Carla Gugino,Carla Gugino
Keiju Kobayashi,Keiju Kobayashi
Cem Yilmaz,Cem Yilmaz
Robert Shaw,Robert Shaw
Paul McCartney,Paul McCartney
Gena Rowlands,Gena Rowlands
Sonoya Mizuno,Sonoya Mizuno
Barbara Stanwyck,Barbara Stanwyck
Ewen Bremner,Ewen Bremner
John Roselius,John Roselius
Colm Feore,Colm Feore
Nargis Fakhri,Nargis Fakhri
Eleanor Bron,Eleanor Bron
Vlad Ivanov,Vlad Ivanov
Taron Egerton,Taron Egerton
Bryan Cranston,Bryan Cranston
Lillete Dubey,Lillete Dubey
Bruce Bennett,Bruce Bennett
Jean Seberg,Jean Seberg
Graham Chapman,Graham Chapman
J. Mackye Gruber,J. Mackye Gruber
Vin Diesel,Vin Diesel
Bo Hopkins,Bo Hopkins
Chris Evans,Chris Evans
Wendell Corey,Wendell Corey
Suzanne Pleshette,Suzanne Pleshette
Joel Basman,Joel Basman
Roy Kinnear,Roy Kinnear
Matthew Edison,Matthew Edison
Kirk Acevedo,Kirk Acevedo
James Cagney,James Cagney
Jane Wyman,Jane Wyman
Dorothy Comingore,Dorothy Comingore
Eli Marienthal,Eli Marienthal
Rob Minkoff,Rob Minkoff
Beau Billingslea,Beau Billingslea
Frank Sinatra,Frank Sinatra
Claire Trevor,Claire Trevor
Laurence Harvey,Laurence Harvey
Frances Conroy,Frances Conroy
Machiko Kyô,Machiko Kyô
Husnija Hasimovic,Husnija Hasimovic
Doga Zeynep Doguslu,Doga Zeynep Doguslu
Bruce Willis,Bruce Willis
Mitchell Whitfield,Mitchell Whitfield
David Herman,David Herman
Sharman Joshi,Sharman Joshi
Greg Cruttwell,Greg Cruttwell
Lubna Azabal,Lubna Azabal
Judi Dench,Judi Dench
John Cusack,John Cusack
Martin Landau,Martin Landau
Ulrich Matthes,Ulrich Matthes
Laura Vasiliu,Laura Vasiliu
Jack Warden,Jack Warden
Jane Alexander,Jane Alexander
Roland Møller,Roland Møller
Markus Rygaard,Markus Rygaard
Edward Fox,Edward Fox
Jason Patric,Jason Patric
Rod Taylor,Rod Taylor
Ulrich Tukur,Ulrich Tukur
Yoshiyuki Takei,Yoshiyuki Takei
Elit Iscan,Elit Iscan
Donna Murphy,Donna Murphy
Hilary Swank,Hilary Swank
Bill Bernstein,Bill Bernstein
Sal Mineo,Sal Mineo
Andreas Wilson,Andreas Wilson
Neena Gupta,Neena Gupta
Florence Lee,Florence Lee
Jürgen Vogel,Jürgen Vogel
María Marull,María Marull
Misa Uehara,Misa Uehara
Callan McAuliffe,Callan McAuliffe
Alisa Freyndlikh,Alisa Freyndlikh
Tom Berenger,Tom Berenger
Mark Hamill,Mark Hamill
Anna Faris,Anna Faris
Suraj Sharma,Suraj Sharma
Hanno Pöschl,Hanno Pöschl
Nigel Havers,Nigel Havers
Richard Edson,Richard Edson
Christopher Lloyd,Christopher Lloyd
Goya Toledo,Goya Toledo
Benicio Del Toro,Benicio Del Toro
Steve Martin,Steve Martin
Smit Sheth,Smit Sheth
Stephen Tobolowsky,Stephen Tobolowsky
Mone Kamishiraishi,Mone Kamishiraishi
Walter Huston,Walter Huston
Rudolf Klein-Rogge,Rudolf Klein-Rogge
Tom Skerritt,Tom Skerritt
Vivien Leigh,Vivien Leigh
Shammi Kapoor,Shammi Kapoor
Edward G. Robinson,Edward G. Robinson
Burt Young,Burt Young
Jeremy Strong,Jeremy Strong
Carl Möhner,Carl Möhner
Lindsay Duncan,Lindsay Duncan
Charley Grapewin,Charley Grapewin
Roscoe Ates,Roscoe Ates
Vijay Raaz,Vijay Raaz
Hiam Abbass,Hiam Abbass
Joe Russo,Joe Russo
Rhonda Fleming,Rhonda Fleming
Ken'ichi Hagiwara,Ken'ichi Hagiwara
Charlize Theron,Charlize Theron
Ileana D'Cruz,Ileana D'Cruz
Maurice Evans,Maurice Evans
Meryl Streep,Meryl Streep
Enzo Cannavale,Enzo Cannavale
Roshan Seth,Roshan Seth
Gil Birmingham,Gil Birmingham
François Truffaut,François Truffaut
Peter Lorre,Peter Lorre
Nanako Matsushima,Nanako Matsushima
Gaylen Ross,Gaylen Ross
Timothy Bottoms,Timothy Bottoms
Maggie Cheung,Maggie Cheung
Henrik Dahl,Henrik Dahl
Ramesh Deo,Ramesh Deo
Leslie Odom Jr.,Leslie Odom Jr.
Nicoletta Braschi,Nicoletta Braschi
William Hickey,William Hickey
Anthony Edwards,Anthony Edwards
Angela Bassett,Angela Bassett
Leo McKern,Leo McKern
Veerle Baetens,Veerle Baetens
Walter Connolly,Walter Connolly
Kasumi Arimura,Kasumi Arimura
Anne Baxter,Anne Baxter
Mandy Patinkin,Mandy Patinkin
Sener Sen,Sener Sen
Jae-ho Song,Jae-ho Song
R. Lee Ermey,R. Lee Ermey
Molly Picon,Molly Picon
Talia Shire,Talia Shire
Ronit Roy,Ronit Roy
Milhem Cortaz,Milhem Cortaz
Eric Bana,Eric Bana
Masahiro Motoki,Masahiro Motoki
Kiara Advani,Kiara Advani
Julian Sands,Julian Sands
Mark Margolis,Mark Margolis
Matthew Broderick,Matthew Broderick
Denholm Elliott,Denholm Elliott
Don Gordon,Don Gordon
Yong Dong,Yong Dong
Preity Zinta,Preity Zinta
Rene Bitorajac,Rene Bitorajac
Sean Young,Sean Young
Patricia Arquette,Patricia Arquette
Jean-Baptiste Maunier,Jean-Baptiste Maunier
Linda Blair,Linda Blair
Keiko Tsushima,Keiko Tsushima
Saïd Taghmaoui,Saïd Taghmaoui
Cuifen Cao,Cuifen Cao
Colin Farrell,Colin Farrell
Ana López Mercado,Ana López Mercado
Hee Jae,Hee Jae
Roe-ha Kim,Roe-ha Kim
Griffin Dunne,Griffin Dunne
Tatsuya Gashûin,Tatsuya Gashûin
Nathalie Boltt,Nathalie Boltt
Noomi Rapace,Noomi Rapace
Rashida Jones,Rashida Jones
Ivan Bobrov,Ivan Bobrov
Osamu Saka,Osamu Saka
Bob Balaban,Bob Balaban
Bérénice Bejo,Bérénice Bejo
Brad Pitt,Brad Pitt
Tae-hoon Kim,Tae-hoon Kim
Margaret Avery,Margaret Avery
Rupert Friend,Rupert Friend
Masaaki Ôkura,Masaaki Ôkura
Minami Takayama,Minami Takayama
Miori Takimoto,Miori Takimoto
Michael Bates,Michael Bates
Ben Gazzara,Ben Gazzara
Boyd Holbrook,Boyd Holbrook
Charlton Heston,Charlton Heston
Peter Dinklage,Peter Dinklage
Roscoe Karns,Roscoe Karns
Kevin Jarre,Kevin Jarre
Sam Jaffe,Sam Jaffe
Jung-woo Ha,Jung-woo Ha
Mickey Rourke,Mickey Rourke
Malcolm McDowell,Malcolm McDowell
Coleen Gray,Coleen Gray
Tessa Mitchell,Tessa Mitchell
Raymond Massey,Raymond Massey
Bernard-Pierre Donnadieu,Bernard-Pierre Donnadieu
Victoria Horne,Victoria Horne
Carrie-Anne Moss,Carrie-Anne Moss
Phillipa Soo,Phillipa Soo
Ingrid Bergman,Ingrid Bergman
Paul Meurisse,Paul Meurisse
Elizabeth Banks,Elizabeth Banks
Christopher Carley,Christopher Carley
Tom Hulce,Tom Hulce
Joyce Carey,Joyce Carey
Robert Walker,Robert Walker
Lee Byung-Hun,Lee Byung-Hun
Radha Mitchell,Radha Mitchell
T.J. Miller,T.J. Miller
Pablo Rago,Pablo Rago
Mario Casas,Mario Casas
Mikael Persbrandt,Mikael Persbrandt
Solveig Dommartin,Solveig Dommartin
Rosemary Murphy,Rosemary Murphy
Ronny Cox,Ronny Cox
Ruth Roman,Ruth Roman
Bahar Pars,Bahar Pars
Julia Greer,Julia Greer
Abhay Deol,Abhay Deol
Ian McKellen,Ian McKellen
Warren Clarke,Warren Clarke
Sanjay Dutt,Sanjay Dutt
Martin Balsam,Martin Balsam
Gregory Peck,Gregory Peck
Glen Cavender,Glen Cavender
Josh Lucas,Josh Lucas
Jack Albertson,Jack Albertson
Matthew Goode,Matthew Goode
Reginald VelJohnson,Reginald VelJohnson
Juliette Binoche,Juliette Binoche
Eliza Scanlen,Eliza Scanlen
Thora Birch,Thora Birch
Sermin Hürmeriç,Sermin Hürmeriç
Ali Mosaffa,Ali Mosaffa
Rosie Shaw,Rosie Shaw
Chris Cooper,Chris Cooper
Brad Dourif,Brad Dourif
Julie Kavner,Julie Kavner
Spike Lee,Spike Lee
Jean Servais,Jean Servais
Frank Giering,Frank Giering
Sanjeev Kumar,Sanjeev Kumar
Walter Catlett,Walter Catlett
Lisa Hannigan,Lisa Hannigan
Ariane Labed,Ariane Labed
Ozan Güven,Ozan Güven
Eduardo Noriega,Eduardo Noriega
Joan Greenwood,Joan Greenwood
Anthony Perkins,Anthony Perkins
Chris Hemsworth,Chris Hemsworth
Emily Blunt,Emily Blunt
Charles Ruggles,Charles Ruggles
Lea Thompson,Lea Thompson
Alison Whelan,Alison Whelan
Zack Gottsagen,Zack Gottsagen
Michael J. Pollard,Michael J. Pollard
James Caan,James Caan
Emilia Fox,Emilia Fox
Conrad Veidt,Conrad Veidt
Scott H. Reiniger,Scott H. Reiniger
Bill Nighy,Bill Nighy
Bruce Lee,Bruce Lee
Siu-Wong Fan,Siu-Wong Fan
Tigmanshu Dhulia,Tigmanshu Dhulia
Liam Neeson,Liam Neeson
Jim Varney,Jim Varney
Gustav Fröhlich,Gustav Fröhlich
Giorgi Nakashidze,Giorgi Nakashidze
Hartley Power,Hartley Power
James Coburn,James Coburn
Yash,Yash
John Malkovich,John Malkovich
Laila Robins,Laila Robins
Clive Owen,Clive Owen
Polly Bergen,Polly Bergen
Sumi Shimamoto,Sumi Shimamoto
Yukito Nishii,Yukito Nishii
Barry Fitzgerald,Barry Fitzgerald
Lily Franky,Lily Franky
Minoru Chiaki,Minoru Chiaki
Michael Murphy,Michael Murphy
Vidya Malvade,Vidya Malvade
Jan Cornet,Jan Cornet
Bora Todorovic,Bora Todorovic
Kareena Kapoor,Kareena Kapoor
Sophie Perry,Sophie Perry
Leland Palmer,Leland Palmer
Charles Durning,Charles Durning
Burt Lancaster,Burt Lancaster
Aamir Bashir,Aamir Bashir
Mia Sara,Mia Sara
Steve Buscemi,Steve Buscemi
John Heard,John Heard
Sessue Hayakawa,Sessue Hayakawa
Cori Gonzalez-Macuer,Cori Gonzalez-Macuer
Claudette Colbert,Claudette Colbert
Edward Norton,Edward Norton
Faye Wong,Faye Wong
Eric Idle,Eric Idle
John Musker,John Musker
Michelle Dockery,Michelle Dockery
Michel Côté,Michel Côté
Jennifer Saunders,Jennifer Saunders
Liev Schreiber,Liev Schreiber
Gian Maria Volontè,Gian Maria Volontè
Stephen Boyd,Stephen Boyd
Kevin McKidd,Kevin McKidd
Olivia Cooke,Olivia Cooke
Ignat Daniltsev,Ignat Daniltsev
Alison Crosbie,Alison Crosbie
Chen Chang,Chen Chang
Jane Galloway Heitz,Jane Galloway Heitz
Sully Boyar,Sully Boyar
John Huston,John Huston
Srdjan 'Zika' Todorovic,Srdjan 'Zika' Todorovic
David Lee Smith,David Lee Smith
Fernanda Montenegro,Fernanda Montenegro
Frances Sternhagen,Frances Sternhagen
Scott Adsit,Scott Adsit
Vivian Pickles,Vivian Pickles
Beverly D'Angelo,Beverly D'Angelo
Artyom Bogucharskiy,Artyom Bogucharskiy
Dorothy Duffy,Dorothy Duffy
Terry Gilliam,Terry Gilliam
Mick Lally,Mick Lally
Soia Lira,Soia Lira
Monica Vitti,Monica Vitti
Tsutomu Yamazaki,Tsutomu Yamazaki
John Gallagher Jr.,John Gallagher Jr.
Edmund Goulding,Edmund Goulding
Audrey Hepburn,Audrey Hepburn
Robert Manuel,Robert Manuel
André Ramiro,André Ramiro
Aurore Clément,Aurore Clément
Taner Birsel,Taner Birsel
Katrina Kaif,Katrina Kaif
Lucie Mannheim,Lucie Mannheim
Akihiro Miwa,Akihiro Miwa
Yoo-Jeong Kim,Yoo-Jeong Kim
Vernon Dobtcheff,Vernon Dobtcheff
Ansel Elgort,Ansel Elgort
John Fraser,John Fraser
Margaret Livingston,Margaret Livingston
Thomas Mann,Thomas Mann
Rock Hudson,Rock Hudson
Shilpa Shukla,Shilpa Shukla
Jan Sterling,Jan Sterling
Leon Lai,Leon Lai
Miles Teller,Miles Teller
Kristen Wiig,Kristen Wiig
Ryô Kase,Ryô Kase
Jean Reno,Jean Reno
Steve Coogan,Steve Coogan
Greg Grunberg,Greg Grunberg
Gwen Eckhaus,Gwen Eckhaus
Rica Matsumoto,Rica Matsumoto
Roman Madyanov,Roman Madyanov
Walter Slezak,Walter Slezak
Al Ernest Garcia,Al Ernest Garcia
Christian Friedel,Christian Friedel
Rupert Graves,Rupert Graves
Natalie Portman,Natalie Portman
Patrick Fugit,Patrick Fugit
Orto Ignatiussen,Orto Ignatiussen
Indraneil Sengupta,Indraneil Sengupta
Enzo Tarascio,Enzo Tarascio
Reni Santoni,Reni Santoni
Pawan Malhotra,Pawan Malhotra
Mare Winningham,Mare Winningham
Iain Rea,Iain Rea
Ken'ichi Matsuyama,Ken'ichi Matsuyama
Sienna Miller,Sienna Miller
Laura Obiols,Laura Obiols
Joel Grey,Joel Grey
Fred Willard,Fred Willard
Claudia Cardinale,Claudia Cardinale
Paulette Dubost,Paulette Dubost
Burak Yigit,Burak Yigit
Moira Shearer,Moira Shearer
Ruby Dee,Ruby Dee
Kelsey Asbille,Kelsey Asbille
Tim Allen,Tim Allen
Birgitta Pettersson,Birgitta Pettersson
Ryan Reynolds,Ryan Reynolds
Jennifer Aniston,Jennifer Aniston
Zac Mattoon O'Brien,Zac Mattoon O'Brien
Jose Coronado,Jose Coronado
Chiara Mastroianni,Chiara Mastroianni
David Tomlinson,David Tomlinson
Gene Bervoets,Gene Bervoets
Issey Takahashi,Issey Takahashi
Marjane Satrapi,Marjane Satrapi
Peter Bull,Peter Bull
Ingrid Thulin,Ingrid Thulin
Jack McBrayer,Jack McBrayer
William Hurt,William Hurt
Mary Stuart Masterson,Mary Stuart Masterson
Wilfrid Hyde-White,Wilfrid Hyde-White
Jean Topart,Jean Topart
Andrew Philpot,Andrew Philpot
Joan Cusack,Joan Cusack
Mirai Shida,Mirai Shida
Robert Donat,Robert Donat
Paul Giamatti,Paul Giamatti
Amjad Khan,Amjad Khan
Gene Tierney,Gene Tierney
Choi Woo-sik,Choi Woo-sik
Gloria Stuart,Gloria Stuart
Bob Peterson,Bob Peterson
Ariadna Gil,Ariadna Gil
Prabhas,Prabhas
Jerry Lewis,Jerry Lewis
Gary Farmer,Gary Farmer
John Megna,John Megna
Richard Crenna,Richard Crenna
Rima Te Wiata,Rima Te Wiata
Henry Cavill,Henry Cavill
Tatum O'Neal,Tatum O'Neal
Natalie Wood,Natalie Wood
Giovanni Ribisi,Giovanni Ribisi
Philip King,Philip King
Antonio Resines,Antonio Resines
Halina Gryglaszewska,Halina Gryglaszewska
Kay Kay Menon,Kay Kay Menon
Hiroyuki Okiura,Hiroyuki Okiura
Halina Reijn,Halina Reijn
James Dean,James Dean
Norma Crane,Norma Crane
Kirsten Dunst,Kirsten Dunst
Riz Ahmed,Riz Ahmed
Will Forte,Will Forte
Rosario Flores,Rosario Flores
Keenan Wynn,Keenan Wynn
Ellen Burstyn,Ellen Burstyn
Chris O'Donnell,Chris O'Donnell
William H. Lynn,William H. Lynn
Michael Kenneth Williams,Michael Kenneth Williams
Peter Ramsey,Peter Ramsey
Burl Ives,Burl Ives
Chiwetel Ejiofor,Chiwetel Ejiofor
Leonard Nimoy,Leonard Nimoy
Aya Okamoto,Aya Okamoto
Patrick Renna,Patrick Renna
Valerie Hobson,Valerie Hobson
Chloë Grace Moretz,Chloë Grace Moretz
Jim Caviezel,Jim Caviezel
Kirti Kulhari,Kirti Kulhari
Charles Laughton,Charles Laughton
Meg Ryan,Meg Ryan
Romolo Valli,Romolo Valli
Yôko Tsukasa,Yôko Tsukasa
Drew Barrymore,Drew Barrymore
Deborah Kerr,Deborah Kerr
Meena,Meena
Chulpan Khamatova,Chulpan Khamatova
Samia Kerbash,Samia Kerbash
Marília Pêra,Marília Pêra
Radhika Apte,Radhika Apte
Sophie Kennedy Clark,Sophie Kennedy Clark
Gloria Swanson,Gloria Swanson
Keiko Yokozawa,Keiko Yokozawa
Daniel Kaluuya,Daniel Kaluuya
Glenn Ford,Glenn Ford
Charles Chaplin,Charles Chaplin
Irandhir Santos,Irandhir Santos
Christopher Plummer,Christopher Plummer
Susumu Terajima,Susumu Terajima
Arthur O'Connell,Arthur O'Connell
Jamie Lee Curtis,Jamie Lee Curtis
Walter Matthau,Walter Matthau
Michael Nyqvist,Michael Nyqvist
Corey Feldman,Corey Feldman
Gary Lockwood,Gary Lockwood
Jennifer Lien,Jennifer Lien
Neeraj Kabi,Neeraj Kabi
Rajit Kapoor,Rajit Kapoor
Roberto Benigni,Roberto Benigni
Mabel Rivera,Mabel Rivera
Lucy Liu,Lucy Liu
Katie A. Keane,Katie A. Keane
Priscilla Lane,Priscilla Lane
Viola Davis,Viola Davis
Mitchell Ryan,Mitchell Ryan
Richard Griffiths,Richard Griffiths
Otto Wernicke,Otto Wernicke
Marion Mack,Marion Mack
Lloyd Bridges,Lloyd Bridges
Mélanie Thierry,Mélanie Thierry
Ben Affleck,Ben Affleck
Armin Mueller-Stahl,Armin Mueller-Stahl
Bonnie Hunt,Bonnie Hunt
Paprika Steen,Paprika Steen
Claire Rushbrook,Claire Rushbrook
Joel Coen,Joel Coen
Horacio Salinas,Horacio Salinas
Johan Heldenbergh,Johan Heldenbergh
Tatsuya Nakadai,Tatsuya Nakadai
Björk,Björk
Anouk Aimée,Anouk Aimée
Gene Hackman,Gene Hackman
Geraldine Chaplin,Geraldine Chaplin
Antoine Olivier Pilon,Antoine Olivier Pilon
Melvyn Douglas,Melvyn Douglas
Johnny Depp,Johnny Depp
Jean Simmons,Jean Simmons
Woody Harrelson,Woody Harrelson
Stephen Graham,Stephen Graham
Olga Mironova,Olga Mironova
Catherine O'Hara,Catherine O'Hara
Jerome Flynn,Jerome Flynn
John Buckwalter,John Buckwalter
Bernhard Wicki,Bernhard Wicki
Giorgio Cantarini,Giorgio Cantarini
Chazz Palminteri,Chazz Palminteri
Jean-Marc Barr,Jean-Marc Barr
Ryan Potter,Ryan Potter
Myrna Loy,Myrna Loy
Ann Dvorak,Ann Dvorak
Michael Berryman,Michael Berryman
Bahare Seddiqi,Bahare Seddiqi
Nick Nolte,Nick Nolte
Maria Monti,Maria Monti
Joan Allen,Joan Allen
Humphrey Bogart,Humphrey Bogart
Colin Firth,Colin Firth
Won Bin,Won Bin
Oka Antara,Oka Antara
Sidney Blackmer,Sidney Blackmer
Arthur Rosson,Arthur Rosson
Lloyd Avery II,Lloyd Avery II
Al Pacino,Al Pacino
Dorian Gray,Dorian Gray
Ben Stiller,Ben Stiller
Margaret Lockwood,Margaret Lockwood
Daniel Boulanger,Daniel Boulanger
Ömer Faruk Sorak,Ömer Faruk Sorak
Samuel E. Wright,Samuel E. Wright
Emily Mortimer,Emily Mortimer
Joseph Melito,Joseph Melito
Mark Rylance,Mark Rylance
Kaitlyn Dever,Kaitlyn Dever
Haley Joel Osment,Haley Joel Osment
Leigh Whannell,Leigh Whannell
Joanne Dru,Joanne Dru
Rufus,Rufus
Rena Owen,Rena Owen
Omar Sy,Omar Sy
Michael McKean,Michael McKean
Judith O'Dea,Judith O'Dea
Tim McGraw,Tim McGraw
Steve McQueen,Steve McQueen
Jennifer Lawrence,Jennifer Lawrence
Dakota Johnson,Dakota Johnson
Nick Moran,Nick Moran
Vicky Kaushal,Vicky Kaushal
Clifton Webb,Clifton Webb
Cate Blanchett,Cate Blanchett
Lee Grant,Lee Grant
Adrien Brody,Adrien Brody
Chris Williams,Chris Williams
Henri-Jacques Huet,Henri-Jacques Huet
David Hemmings,David Hemmings
Atsuko Tanaka,Atsuko Tanaka
Charlie Pye Jr.,Charlie Pye Jr.
Tim Roth,Tim Roth
Casey Affleck,Casey Affleck
Alan Arkin,Alan Arkin
Lee Pace,Lee Pace
Dakota Fanning,Dakota Fanning
Seymour Cassel,Seymour Cassel
Quinton Aaron,Quinton Aaron
Audrey Tautou,Audrey Tautou
Laura Linney,Laura Linney
Helen Hunt,Helen Hunt
Rutger Hauer,Rutger Hauer
Priscilla Presley,Priscilla Presley
Laurence Olivier,Laurence Olivier
Mary Tyler Moore,Mary Tyler Moore
Yoo Ji-Tae,Yoo Ji-Tae
Orson Welles,Orson Welles
Phil Harris,Phil Harris
Georges Adet,Georges Adet
Ed Skrein,Ed Skrein
Yasuo Yamada,Yasuo Yamada
Juan Ferrara,Juan Ferrara
Ryôko Hirosue,Ryôko Hirosue
Ivan Lapikov,Ivan Lapikov
William Sylvester,William Sylvester
Akira Terao,Akira Terao
Jimmy Sheirgill,Jimmy Sheirgill
Nikolay Burlyaev,Nikolay Burlyaev
Bud Cort,Bud Cort
Kristina Adolphson,Kristina Adolphson
Sylvia Hoeks,Sylvia Hoeks
Ken Leung,Ken Leung
George MacKay,George MacKay
Peter Coyote,Peter Coyote
Saori Hayami,Saori Hayami
Pamela Adlon,Pamela Adlon
Jennifer Connelly,Jennifer Connelly
Sahil Vaid,Sahil Vaid
Jason Cope,Jason Cope
Simon Pegg,Simon Pegg
Jon Hamm,Jon Hamm
Mary-Louise Parker,Mary-Louise Parker
Michael Preston,Michael Preston
Nataliya Vdovina,Nataliya Vdovina
Nora Gregor,Nora Gregor
Yoko Honna,Yoko Honna
Angelina Jolie,Angelina Jolie
Gayatri Joshi,Gayatri Joshi
Dennis Quaid,Dennis Quaid
Yvonne Furneaux,Yvonne Furneaux
Jim Backus,Jim Backus
Chris Penn,Chris Penn
John Billingsley,John Billingsley
Adrian Molina,Adrian Molina
Peter Stormare,Peter Stormare
Iemasa Kayumi,Iemasa Kayumi
Ivan Dobronravov,Ivan Dobronravov
Kevin Bacon,Kevin Bacon
Michael Clarke Duncan,Michael Clarke Duncan
Brian Cox,Brian Cox
Melissa Leo,Melissa Leo
Mónica Villa,Mónica Villa
Amrish Puri,Amrish Puri
Gael García Bernal,Gael García Bernal
Garrett M. Brown,Garrett M. Brown
Timothy Spall,Timothy Spall
Christian Slater,Christian Slater
Wil Johnson,Wil Johnson
Henry Fonda,Henry Fonda
Merila Zare'i,Merila Zare'i
Gwilym Lee,Gwilym Lee
John C. Reilly,John C. Reilly
Will Ferrell,Will Ferrell
Chico Marx,Chico Marx
Anil Dhawan,Anil Dhawan
Hubertus Bengsch,Hubertus Bengsch
Sonam Kapoor,Sonam Kapoor
Helena Bonham Carter,Helena Bonham Carter
Vinícius de Oliveira,Vinícius de Oliveira
Richard Dreyfuss,Richard Dreyfuss
Antonio Banderas,Antonio Banderas
Terrence Howard,Terrence Howard
Marc-André Grondin,Marc-André Grondin
Hümeyra,Hümeyra
Salim Kechiouche,Salim Kechiouche
Byron Barr,Byron Barr
Ayano Shiraishi,Ayano Shiraishi
Elizabeth Taylor,Elizabeth Taylor
John Cazale,John Cazale
Margaretha Krook,Margaretha Krook
John Getz,John Getz
Oskar Werner,Oskar Werner
Molly Ringwald,Molly Ringwald
Terry Jones,Terry Jones
Ayberk Pekcan,Ayberk Pekcan
Sheetal Menon,Sheetal Menon
Stellan Skarsgård,Stellan Skarsgård
Kara Hayward,Kara Hayward
Yû Kashii,Yû Kashii
Aitana Sánchez-Gijón,Aitana Sánchez-Gijón
Josh Charles,Josh Charles
Ethan Hawke,Ethan Hawke
Edoardo Leo,Edoardo Leo
Franka Potente,Franka Potente
Diljit Dosanjh,Diljit Dosanjh
Tae-Hyun Cha,Tae-Hyun Cha
Javier Cámara,Javier Cámara
Kurt Fuller,Kurt Fuller
Álvaro Guerrero,Álvaro Guerrero
Sophie Marceau,Sophie Marceau
Mohammad Amir Naji,Mohammad Amir Naji
John Gielgud,John Gielgud
Basil Rathbone,Basil Rathbone
Taraji P. Henson,Taraji P. Henson
Eileen Walsh,Eileen Walsh
Frank Adu,Frank Adu
Maggie Smith,Maggie Smith
Karl Hardman,Karl Hardman
Ayami Kakiuchi,Ayami Kakiuchi
Chieko Baishô,Chieko Baishô
Ryan O'Neal,Ryan O'Neal
Matthew Modine,Matthew Modine
Bob Odenkirk,Bob Odenkirk
O.J. Simpson,O.J. Simpson
Yoshiaki Umegaki,Yoshiaki Umegaki
Nils Poppe,Nils Poppe
Adel Bencherif,Adel Bencherif
Jonah Hill,Jonah Hill
Diane Keaton,Diane Keaton
Hugh Walsh,Hugh Walsh
Robert Arthur,Robert Arthur
Anita Ekberg,Anita Ekberg
Diane Ladd,Diane Ladd
Philip Seymour Hoffman,Philip Seymour Hoffman
Ping Lam Siu,Ping Lam Siu
Adèle Exarchopoulos,Adèle Exarchopoulos
Juliette Mayniel,Juliette Mayniel
Sharon Percy,Sharon Percy
Jingwu Ma,Jingwu Ma
Teri Hatcher,Teri Hatcher
Makio Inoue,Makio Inoue
Nastassja Kinski,Nastassja Kinski
Alan Rickman,Alan Rickman
Darren McGavin,Darren McGavin
Bill Pullman,Bill Pullman
Bibi Andersson,Bibi Andersson
Chris Sanders,Chris Sanders
America Ferrera,America Ferrera
Marie-Laure Dougnac,Marie-Laure Dougnac
Bryce Dallas Howard,Bryce Dallas Howard
Don Cheadle,Don Cheadle
Jun Ji-Hyun,Jun Ji-Hyun
Sally Hawkins,Sally Hawkins
J.K. Simmons,J.K. Simmons
Yoshiko Shinohara,Yoshiko Shinohara
John Fiedler,John Fiedler
Eric Radomski,Eric Radomski
Catherine Deneuve,Catherine Deneuve
Jim Carrey,Jim Carrey
Nikolay Grinko,Nikolay Grinko
Leonie Benesch,Leonie Benesch
Hugh Grant,Hugh Grant
Ginnifer Goodwin,Ginnifer Goodwin
Paul Reiser,Paul Reiser
Joel Edgerton,Joel Edgerton
Dominique Blanchar,Dominique Blanchar
Boyd Kirkland,Boyd Kirkland
Tesshô Genda,Tesshô Genda
Dana Andrews,Dana Andrews
Stephen Young,Stephen Young
Zbigniew Zamachowski,Zbigniew Zamachowski
Robert Hays,Robert Hays
Val Kilmer,Val Kilmer
Adesh Prasad,Adesh Prasad
Jack Reynor,Jack Reynor
Arifin Putra,Arifin Putra
Aurélien Recoing,Aurélien Recoing
Ben Whishaw,Ben Whishaw
John Rafter Lee,John Rafter Lee
Tippi Hedren,Tippi Hedren
Kirsten Sheridan,Kirsten Sheridan
Greg Kinnear,Greg Kinnear
Ewan McGregor,Ewan McGregor
Bradley Whitford,Bradley Whitford
Dave Goelz,Dave Goelz
Connie Nielsen,Connie Nielsen
Jamie Draven,Jamie Draven
Auli'i Cravalho,Auli'i Cravalho
Celile Toyon Uysal,Celile Toyon Uysal
Sean Bean,Sean Bean
Ricky Adelayitor,Ricky Adelayitor
Taika Waititi,Taika Waititi
Damian Chapa,Damian Chapa
John Hurt,John Hurt
Kirk Douglas,Kirk Douglas
Zachary Levi,Zachary Levi
Mark Strong,Mark Strong
Rachel Griffiths,Rachel Griffiths
Belén Rueda,Belén Rueda
Rumi Hiiragi,Rumi Hiiragi
Dustin Hoffman,Dustin Hoffman
Brad Davis,Brad Davis
Vicellous Shannon,Vicellous Shannon
Ege Tanman,Ege Tanman
Mete Horozoglu,Mete Horozoglu
Ruocheng Ying,Ruocheng Ying
Sunil Dutt,Sunil Dutt
Frank Paur,Frank Paur
Tom Guiry,Tom Guiry
Jordan Nagai,Jordan Nagai
Elena Anaya,Elena Anaya
Emmanuel Affadzi,Emmanuel Affadzi
Kodi Smit-McPhee,Kodi Smit-McPhee
Christopher Heyerdahl,Christopher Heyerdahl
Yeong-su Oh,Yeong-su Oh
Ramya Krishnan,Ramya Krishnan
Rodney A. Grant,Rodney A. Grant
Nicholas Hoult,Nicholas Hoult
James Laurenson,James Laurenson
Akemi Yamaguchi,Akemi Yamaguchi
Evan McGuire,Evan McGuire
George C. Scott,George C. Scott
Jeanne Bates,Jeanne Bates
John Wayne,John Wayne
Jane Lynch,Jane Lynch
Meat Loaf,Meat Loaf
Lyubov Agapova,Lyubov Agapova
Vladimir Barskiy,Vladimir Barskiy
Diane Venora,Diane Venora
Katsunosuke Hori,Katsunosuke Hori
Virginia Mayo,Virginia Mayo
Christopher Eccleston,Christopher Eccleston
Jason Bateman,Jason Bateman
Sonia Todd,Sonia Todd
Rachel Shelley,Rachel Shelley
Merna Kennedy,Merna Kennedy
Alec Guinness,Alec Guinness
Mahie Gill,Mahie Gill
Elpidia Carrillo,Elpidia Carrillo
Anna Foglietta,Anna Foglietta
Gerardo Taracena,Gerardo Taracena
Richard Rosson,Richard Rosson
Daryl Hannah,Daryl Hannah
David James,David James
Aras Bulut Iynemli,Aras Bulut Iynemli
Claude Rains,Claude Rains
Jaya Bachchan,Jaya Bachchan
Eva Marie Saint,Eva Marie Saint
Paul Henreid,Paul Henreid
Manoj Bajpayee,Manoj Bajpayee
Robin Wright,Robin Wright
Susan Harrison,Susan Harrison
Simone Signoret,Simone Signoret
Börje Ahlstedt,Börje Ahlstedt
Marty Feldman,Marty Feldman
Temuera Morrison,Temuera Morrison
Cleavon Little,Cleavon Little
Magali Noël,Magali Noël
Maria Grazia Cucinotta,Maria Grazia Cucinotta
Derek Jacobi,Derek Jacobi
Tôru Emori,Tôru Emori
Lee Van Cleef,Lee Van Cleef
Famke Janssen,Famke Janssen
Jane Greer,Jane Greer
Tony Todd,Tony Todd
Nina Petri,Nina Petri
Chris Pratt,Chris Pratt
Fionnula Flanagan,Fionnula Flanagan
Jeanne Moreau,Jeanne Moreau
James Stewart,James Stewart
Walter Hampden,Walter Hampden
George Peppard,George Peppard
Olivia Wilde,Olivia Wilde
John Rhys-Davies,John Rhys-Davies
Whoopi Goldberg,Whoopi Goldberg
Robert Morley,Robert Morley
Ned Beatty,Ned Beatty
Mathieu Kassovitz,Mathieu Kassovitz
Ken Watanabe,Ken Watanabe
Michelle Monaghan,Michelle Monaghan
Greta Schröder,Greta Schröder
Lee J. Cobb,Lee J. Cobb
Jon Voight,Jon Voight
Alexandre Rignault,Alexandre Rignault
Bárbara Lennie,Bárbara Lennie
Eduard Abalov,Eduard Abalov
Liam Aiken,Liam Aiken
Eiza González,Eiza González
Sean Patrick Flanery,Sean Patrick Flanery
Kotoe Hatsui,Kotoe Hatsui
Danny Lee,Danny Lee
Gunnel Lindblom,Gunnel Lindblom
Ernst Jacobi,Ernst Jacobi
Sabrina Ferilli,Sabrina Ferilli
Robert Cummings,Robert Cummings
Rooney Mara,Rooney Mara
Mohanlal,Mohanlal
Mustafa Kamel,Mustafa Kamel
Neeral Mulchandani,Neeral Mulchandani
Barkhad Abdi,Barkhad Abdi
Allen Leech,Allen Leech
Julia Ormond,Julia Ormond
Loveleen Tandan,Loveleen Tandan
Eleanor David,Eleanor David
Joseph Fiennes,Joseph Fiennes
Kim Basinger,Kim Basinger
Sam Riley,Sam Riley
June Squibb,June Squibb
Tony Roberts,Tony Roberts
Adèle Haenel,Adèle Haenel
Ben Burtt,Ben Burtt
Herbert Grönemeyer,Herbert Grönemeyer
Jaden Smith,Jaden Smith
Ray Milland,Ray Milland
Noriko Hidaka,Noriko Hidaka
Lena Headey,Lena Headey
Patrick Magee,Patrick Magee
Nobuo Kaneko,Nobuo Kaneko
Brian Howe,Brian Howe
BD Wong,BD Wong
Charlie Cox,Charlie Cox
Elliot Page,Elliot Page
Edna Purviance,Edna Purviance
Kad Merad,Kad Merad
Susanne Lothar,Susanne Lothar
Gastone Moschin,Gastone Moschin
Billy Bob Thornton,Billy Bob Thornton
Barry Keoghan,Barry Keoghan
François Périer,François Périer
Max Phipps,Max Phipps
Fay Wray,Fay Wray
Nicolas Bro,Nicolas Bro
Alexander Gould,Alexander Gould
Sarah Jessica Parker,Sarah Jessica Parker
Harshaali Malhotra,Harshaali Malhotra
Julie Christie,Julie Christie
Ilker Kizmaz,Ilker Kizmaz
Debbie Reynolds,Debbie Reynolds
Sharlto Copley,Sharlto Copley
Lee Unkrich,Lee Unkrich
Paolo Bonacelli,Paolo Bonacelli
Sam Elliott,Sam Elliott
Katharine Ross,Katharine Ross
Guillaume Canet,Guillaume Canet
Cary Grant,Cary Grant
Ann Reinking,Ann Reinking
Takeshi Aono,Takeshi Aono
Katrin Cartlidge,Katrin Cartlidge
Julie Harris,Julie Harris
Michael Ealy,Michael Ealy
Jane Darwell,Jane Darwell
Dharmendra,Dharmendra
Keira Knightley,Keira Knightley
Wah Yuen,Wah Yuen
Prateik,Prateik
Lee Marvin,Lee Marvin
Guy Decomble,Guy Decomble
Jason Schwartzman,Jason Schwartzman
Richard Hunt,Richard Hunt
Maria Falconetti,Maria Falconetti
Jacob Tremblay,Jacob Tremblay
Baris Bagci,Baris Bagci
Michelle Reis,Michelle Reis
Wladyslaw Kowalski,Wladyslaw Kowalski
Lisa Spoonauer,Lisa Spoonauer
Sterling Hayden,Sterling Hayden
Naomi Watts,Naomi Watts
Reese Witherspoon,Reese Witherspoon
Mila Parély,Mila Parély
Diego Cortina Autrey,Diego Cortina Autrey
Darryl F. Zanuck,Darryl F. Zanuck
Inge Landgut,Inge Landgut
Martin Stringer,Martin Stringer
Kyle Chandler,Kyle Chandler
Thomas Kretschmann,Thomas Kretschmann
Johnny Sekka,Johnny Sekka
Jeffrey Wright,Jeffrey Wright
Noémie Merlant,Noémie Merlant
Paul Muni,Paul Muni
Slavko Stimac,Slavko Stimac
John Sharian,John Sharian
Jim Henson,Jim Henson
Lena Endre,Lena Endre
Paulette Goddard,Paulette Goddard
Kim Hunter,Kim Hunter
Alain Delon,Alain Delon
Saoirse Ronan,Saoirse Ronan
Jack Nicholson,Jack Nicholson
Maxim Gaudette,Maxim Gaudette
Teo Briones,Teo Briones
Byron Howard,Byron Howard
Carl Benton Reid,Carl Benton Reid
Karina Arroyave,Karina Arroyave
Carey Mulligan,Carey Mulligan
Ruth Nelson,Ruth Nelson
Giulietta Masina,Giulietta Masina
Zach Galifianakis,Zach Galifianakis
Richard Briers,Richard Briers
Lucy Davis,Lucy Davis
Tsunehiko Kamijô,Tsunehiko Kamijô
Michael Schwartz,Michael Schwartz
Louise Fletcher,Louise Fletcher
Rosemarie DeWitt,Rosemarie DeWitt
Kåre Hedebrant,Kåre Hedebrant
Isabella Rossellini,Isabella Rossellini
Glen Hansard,Glen Hansard
Doug McKeon,Doug McKeon
Tessa Thompson,Tessa Thompson
Danny Aiello,Danny Aiello
Cillian Murphy,Cillian Murphy
Robert Duvall,Robert Duvall
Taapsee Pannu,Taapsee Pannu
Yesim Salkim,Yesim Salkim
Fikret Kuskan,Fikret Kuskan
Jonny Lee Miller,Jonny Lee Miller
Haruo Tanaka,Haruo Tanaka
DeForest Kelley,DeForest Kelley
Emmy Rossum,Emmy Rossum
Elissa Knight,Elissa Knight
Jean-Pierre Jeunet,Jean-Pierre Jeunet
Deniz Baysal,Deniz Baysal
Samuel L. Jackson,Samuel L. Jackson
Charles Vanel,Charles Vanel
Harpo Marx,Harpo Marx
Helmut Griem,Helmut Griem
Yukiko Shimazaki,Yukiko Shimazaki
Vladimir Garin,Vladimir Garin
Vicky Jenson,Vicky Jenson
Gary Stretch,Gary Stretch
Haing S. Ngor,Haing S. Ngor
Nisa Sofiya Aksongur,Nisa Sofiya Aksongur
Julianne Nicholson,Julianne Nicholson
Janet Gaynor,Janet Gaynor
Evgeniy Zharikov,Evgeniy Zharikov
Joseph Cotten,Joseph Cotten
Cecilia Roth,Cecilia Roth
Luis Guzmán,Luis Guzmán
Aparna Balamurali,Aparna Balamurali
Michael Palin,Michael Palin
Ed Harris,Ed Harris
Elijah Wood,Elijah Wood
Dean Stockwell,Dean Stockwell
Harry Myers,Harry Myers
Minori Terada,Minori Terada
Lars Ranthe,Lars Ranthe
Lari White,Lari White
Jane Fonda,Jane Fonda
Ranveer Singh,Ranveer Singh
Farley Granger,Farley Granger
Roberts Blossom,Roberts Blossom
John Castle,John Castle
Julia Roberts,Julia Roberts
Liesel Matthews,Liesel Matthews
Jeffrey Hunter,Jeffrey Hunter
Yves Montand,Yves Montand
Strother Martin,Strother Martin
Walter Brennan,Walter Brennan
Lianella Carell,Lianella Carell
Moon So-Ri,Moon So-Ri
Felicity Jones,Felicity Jones
Albert Finney,Albert Finney
Juliette Lewis,Juliette Lewis
Chief Dan George,Chief Dan George
Hyuk-ho Kwon,Hyuk-ho Kwon
Hiromasa Yonebayashi,Hiromasa Yonebayashi
Mila Kunis,Mila Kunis
Dan Aykroyd,Dan Aykroyd
Lewis Black,Lewis Black
Mackenzie Foy,Mackenzie Foy
James Marsden,James Marsden
Guylaine Schlumberger,Guylaine Schlumberger
Ugur Yücel,Ugur Yücel
Antonia San Juan,Antonia San Juan
Brenda Fricker,Brenda Fricker
Dev Patel,Dev Patel
John Haycraft,John Haycraft
Fele Martínez,Fele Martínez
Daniel Giménez Cacho,Daniel Giménez Cacho
Ewa Fröling,Ewa Fröling
Jack Oakie,Jack Oakie
Haru Kuroki,Haru Kuroki
Donald Sutherland,Donald Sutherland
Ian Holm,Ian Holm
Macdonald Carey,Macdonald Carey
Dan Hicks,Dan Hicks
Éric Toledano,Éric Toledano
Theodore Liscinski,Theodore Liscinski
Wagner Moura,Wagner Moura
Roberta Maxwell,Roberta Maxwell
Jackie Gleason,Jackie Gleason
Frank Vincent,Frank Vincent
Max von Sydow,Max von Sydow
Emile Hirsch,Emile Hirsch
Gloria Grahame,Gloria Grahame
Alexander Granach,Alexander Granach
Ian Hendry,Ian Hendry
Anthony Hopkins,Anthony Hopkins
Tom Wilkinson,Tom Wilkinson
Jackie Coogan,Jackie Coogan
Yûko Miyamura,Yûko Miyamura
Norman Taurog,Norman Taurog
Vincent Cassel,Vincent Cassel
Stefania Sandrelli,Stefania Sandrelli
Mary Astor,Mary Astor
Elya Baskin,Elya Baskin
Liubomiras Laucevicius,Liubomiras Laucevicius
Cary Elwes,Cary Elwes
Sareh Bayat,Sareh Bayat
Jennifer Garner,Jennifer Garner
Nancy Kyes,Nancy Kyes
Francis Huster,Francis Huster
Kim Min-hee,Kim Min-hee
Timothée Chalamet,Timothée Chalamet
John Carradine,John Carradine
JB Blanc,JB Blanc
Christina Hendricks,Christina Hendricks
Matheus Nachtergaele,Matheus Nachtergaele
Efrem Zimbalist Jr.,Efrem Zimbalist Jr.
Justin Bartha,Justin Bartha
Jesse Borrego,Jesse Borrego
Valeria Golino,Valeria Golino
Jerry O'Connell,Jerry O'Connell
Nicolas Cage,Nicolas Cage
Zoë Kravitz,Zoë Kravitz
Trevor Howard,Trevor Howard
Warren Beatty,Warren Beatty
Mark Wahlberg,Mark Wahlberg
Mina Sadati,Mina Sadati
Heath Ledger,Heath Ledger
Lilly Wachowski,Lilly Wachowski
Fionn Whitehead,Fionn Whitehead
Dana Wynter,Dana Wynter
Miyu Irino,Miyu Irino
Suriya,Suriya
Frank Morgan,Frank Morgan
Don Hall,Don Hall
David Thewlis,David Thewlis
Sara Takatsuki,Sara Takatsuki
George Clooney,George Clooney
Disha Patani,Disha Patani
Otto Preminger,Otto Preminger
Stephen Trask,Stephen Trask
Irene Papas,Irene Papas
Daniel Craig,Daniel Craig
Kiyoshi Kobayashi,Kiyoshi Kobayashi
Michael Strong,Michael Strong
Elisabeth Shue,Elisabeth Shue
Henrik Lundström,Henrik Lundström
J.D. Cannon,J.D. Cannon
Edgar Ramírez,Edgar Ramírez
Aaron Taylor-Johnson,Aaron Taylor-Johnson
Peter Boyle,Peter Boyle
Brenda Blethyn,Brenda Blethyn
David Della Rocco,David Della Rocco
Allen Garfield,Allen Garfield
Kajol,Kajol
Babak Karimi,Babak Karimi
Robert Gulaczyk,Robert Gulaczyk
Otto Sander,Otto Sander
Angus Macfadyen,Angus Macfadyen
Guy Pearce,Guy Pearce
Robert Rodriguez,Robert Rodriguez
Masaki Okada,Masaki Okada
Marcel Dalio,Marcel Dalio
Altan Erkekli,Altan Erkekli
Zach Grenier,Zach Grenier
Ljubica Adzovic,Ljubica Adzovic
Leo G. Carroll,Leo G. Carroll
Siddharth,Siddharth
Linda Manz,Linda Manz
Jae Head,Jae Head
Jack Carson,Jack Carson
Til Schweiger,Til Schweiger
Donatas Banionis,Donatas Banionis
Lee Sun-kyun,Lee Sun-kyun
Carlo Buccirosso,Carlo Buccirosso
Vince Vaughn,Vince Vaughn
Graham Norton,Graham Norton
Crispin Glover,Crispin Glover
Nathalie Delon,Nathalie Delon
Paul Raci,Paul Raci
Sanya Malhotra,Sanya Malhotra
Laura Dern,Laura Dern
Michael Redgrave,Michael Redgrave
Olivia de Havilland,Olivia de Havilland
Katherine Helmond,Katherine Helmond
Penélope Cruz,Penélope Cruz
Frank Overton,Frank Overton
Michael Ansara,Michael Ansara
John Ritter,John Ritter
Shinpachi Tsuji,Shinpachi Tsuji
Rene Russo,Rene Russo
Albert Rémy,Albert Rémy
Charlotte Rampling,Charlotte Rampling
Boris Karloff,Boris Karloff
Hailee Steinfeld,Hailee Steinfeld
Tony Lo Bianco,Tony Lo Bianco
Shirley Eaton,Shirley Eaton
John Cameron Mitchell,John Cameron Mitchell
Lil Dagover,Lil Dagover
John Savage,John Savage
Steven Bauer,Steven Bauer
Abdel Ahmed Ghili,Abdel Ahmed Ghili
Carl Weathers,Carl Weathers
Ziyi Zhang,Ziyi Zhang
Tyler Hoechlin,Tyler Hoechlin
Christopher Rivera,Christopher Rivera
Patricia Neal,Patricia Neal
Richard Attenborough,Richard Attenborough
Will Patton,Will Patton
Nancy Olson,Nancy Olson
Teresa Mo,Teresa Mo
Boman Irani,Boman Irani
Brady Corbet,Brady Corbet
Benno Fürmann,Benno Fürmann
Shirley MacLaine,Shirley MacLaine
Anne Hathaway,Anne Hathaway
Jürgen Prochnow,Jürgen Prochnow
Delphine Seyrig,Delphine Seyrig
Brad Garrett,Brad Garrett
John Gavin,John Gavin
Eddie Murphy,Eddie Murphy
Adil Hussain,Adil Hussain
Eli Wallach,Eli Wallach
Gaspard Manesse,Gaspard Manesse
Michelle Pfeiffer,Michelle Pfeiffer
Sylvie Testud,Sylvie Testud
Cathy Rosier,Cathy Rosier
Dominique Pinon,Dominique Pinon
Tim Robbins,Tim Robbins
Anatoliy Solonitsyn,Anatoliy Solonitsyn
Mamaengaroa Kerr-Bell,Mamaengaroa Kerr-Bell
Tom Murray,Tom Murray
Jack Hawkins,Jack Hawkins
Dita Parlo,Dita Parlo
Hye-ja Kim,Hye-ja Kim
Sibel Kekilli,Sibel Kekilli
Thomas Mitchell,Thomas Mitchell
Mía Maestro,Mía Maestro
Miss Piggy,Miss Piggy
Herb Edelman,Herb Edelman
Aleksey Serebryakov,Aleksey Serebryakov
Joseph Schildkraut,Joseph Schildkraut
Phil Lord,Phil Lord
Tahar Rahim,Tahar Rahim
Olga Baclanova,Olga Baclanova
Émile Vallée,Émile Vallée
Charlie Hunnam,Charlie Hunnam
Anamaria Marinca,Anamaria Marinca
John Belushi,John Belushi
Ricardo Darín,Ricardo Darín
Christine Hargreaves,Christine Hargreaves
Christopher Adamson,Christopher Adamson
Ryan Hurst,Ryan Hurst
Celeste Holm,Celeste Holm
Aleksey Rozin,Aleksey Rozin
Ken Stott,Ken Stott
Topol,Topol
Andy Devine,Andy Devine
Anne-Marie Duff,Anne-Marie Duff
Nathan Fillion,Nathan Fillion
Hayley Squires,Hayley Squires
Louis Calhern,Louis Calhern
Mel Gibson,Mel Gibson
Mona Singh,Mona Singh
Sam Neill,Sam Neill
Megumi Hayashibara,Megumi Hayashibara
Mary Steenburgen,Mary Steenburgen
Zooey Deschanel,Zooey Deschanel
Charles Bronson,Charles Bronson
Aldo Silvani,Aldo Silvani
Oksana Akinshina,Oksana Akinshina
Louis Eppolito,Louis Eppolito
Art Parkinson,Art Parkinson
Trine Dyrholm,Trine Dyrholm
Wallace Ford,Wallace Ford
Sam Worthington,Sam Worthington
Jodi Benson,Jodi Benson
Ka Tung Lam,Ka Tung Lam
Martha Vickers,Martha Vickers
Shah Rukh Khan,Shah Rukh Khan
Jim Kelly,Jim Kelly
Rupert Grint,Rupert Grint
Daniel Mays,Daniel Mays
Craig Bierko,Craig Bierko
Jesse Eisenberg,Jesse Eisenberg
Scatman Crothers,Scatman Crothers
Ren Osugi,Ren Osugi
Kasi Lemmons,Kasi Lemmons
Yayan Ruhian,Yayan Ruhian
Groucho Marx,Groucho Marx
Grace Kelly,Grace Kelly
Felix Bressart,Felix Bressart
Steve Zahn,Steve Zahn
Rachel Weisz,Rachel Weisz
Sandra Bullock,Sandra Bullock
Moritz Bleibtreu,Moritz Bleibtreu
David Wenham,David Wenham
Daniel Radcliffe,Daniel Radcliffe
Marisa Tomei,Marisa Tomei
Denzel Washington,Denzel Washington
Parambrata Chattopadhyay,Parambrata Chattopadhyay
Joanna Cassidy,Joanna Cassidy
Jean Sorel,Jean Sorel
Peter O'Toole,Peter O'Toole
Sebastian Maniscalco,Sebastian Maniscalco
Ralph Richardson,Ralph Richardson
Jennifer Drake,Jennifer Drake
Filip Berg,Filip Berg
Brian Dennehy,Brian Dennehy
Patrick Stewart,Patrick Stewart
François Berléand,François Berléand
Harry Guardino,Harry Guardino
Leonard Frey,Leonard Frey
Jeff Anderson,Jeff Anderson
Robert Patrick,Robert Patrick
William Harrigan,William Harrigan
Marilyn Monroe,Marilyn Monroe
Dibyendu Bhattacharya,Dibyendu Bhattacharya
Tarô Yamamoto,Tarô Yamamoto
Isaac Hayes,Isaac Hayes
Hugh Jackman,Hugh Jackman
Mike Myers,Mike Myers
Ajay Devgn,Ajay Devgn
Gary Sinise,Gary Sinise
Markéta Irglová,Markéta Irglová
John McGiver,John McGiver
Alec Cawthorne,Alec Cawthorne
Robert Strauss,Robert Strauss
Cary-Hiroyuki Tagawa,Cary-Hiroyuki Tagawa
Craig Parkinson,Craig Parkinson
Eddie Redmayne,Eddie Redmayne
Jacques Villeret,Jacques Villeret
Slim Pickens,Slim Pickens
Paul Newman,Paul Newman
Nicole Kidman,Nicole Kidman
Vince Edwards,Vince Edwards
Judy Davis,Judy Davis
Justine Waddell,Justine Waddell
Vladas Bagdonas,Vladas Bagdonas
Kevin Spacey,Kevin Spacey
Macaulay Culkin,Macaulay Culkin
Cab Calloway,Cab Calloway
Priyanka Chopra,Priyanka Chopra
Akio Ôtsuka,Akio Ôtsuka
Carice van Houten,Carice van Houten
Bengt Ekerot,Bengt Ekerot
Dennis Hopper,Dennis Hopper
Celia Johnson,Celia Johnson
Ossie Davis,Ossie Davis
Benjamin Bratt,Benjamin Bratt
Marlene Dietrich,Marlene Dietrich
John Lone,John Lone
Wiley Wiggins,Wiley Wiggins
Robert Sean Leonard,Robert Sean Leonard
Chika Sakamoto,Chika Sakamoto
Clark Gable,Clark Gable
Jerry Zucker,Jerry Zucker
Rajkummar Rao,Rajkummar Rao
Perry Lopez,Perry Lopez
Thomas F. Wilson,Thomas F. Wilson
Mckenna Grace,Mckenna Grace
Claire Danes,Claire Danes
Kate Hudson,Kate Hudson
Sandy Dennis,Sandy Dennis
Azhy Robertson,Azhy Robertson
Alejandro Jodorowsky,Alejandro Jodorowsky
Marcello Mastroianni,Marcello Mastroianni
Chris Pine,Chris Pine
Carrie Henn,Carrie Henn
Liam Cunningham,Liam Cunningham
Edward Burns,Edward Burns
Kim Uylenbroek,Kim Uylenbroek
Hrithik Roshan,Hrithik Roshan
Josh Brolin,Josh Brolin
Eddie Albert,Eddie Albert
Takuya Ishida,Takuya Ishida
Lorraine Bracco,Lorraine Bracco
Gerard Hendrick,Gerard Hendrick
Fengyi Zhang,Fengyi Zhang
Benoît Régent,Benoît Régent
Charles Fleischer,Charles Fleischer
Rodney Rothman,Rodney Rothman
William Sadler,William Sadler
Nakul Roshan Sahdev,Nakul Roshan Sahdev
James Woods,James Woods
Jay Baruchel,Jay Baruchel
Harriet Andersson,Harriet Andersson
Henry Travers,Henry Travers
Tyler Perry,Tyler Perry
Christian Berkel,Christian Berkel
Brian Tyler,Brian Tyler
Christopher Mintz-Plasse,Christopher Mintz-Plasse
Tensai Okamura,Tensai Okamura
Kappei Yamaguchi,Kappei Yamaguchi
Rajesh Khanna,Rajesh Khanna
Jessica Biel,Jessica Biel
Lance Henriksen,Lance Henriksen
Kim Yoon-seok,Kim Yoon-seok
Phylicia Rashad,Phylicia Rashad
David Rawle,David Rawle
John Cho,John Cho
Sandra Bernhard,Sandra Bernhard
Rory Cochrane,Rory Cochrane
Diahnne Abbott,Diahnne Abbott
Demet Akbag,Demet Akbag
Carl Miller,Carl Miller
John Cleese,John Cleese
Shigeru Muroi,Shigeru Muroi
Gary Oldman,Gary Oldman
Pete Postlethwaite,Pete Postlethwaite
Yûnosuke Itô,Yûnosuke Itô
Irene Miracle,Irene Miracle
May Whitty,May Whitty
Saurabh Shukla,Saurabh Shukla
Christian Bale,Christian Bale
Roddy McDowall,Roddy McDowall
Neil Brown Jr.,Neil Brown Jr.
Hugh Welchman,Hugh Welchman
Takako Matsu,Takako Matsu
Charlie Yeung,Charlie Yeung
Martin Freeman,Martin Freeman
Biff McGuire,Biff McGuire
Lazar Ristovski,Lazar Ristovski
Diego Luna,Diego Luna
Patrick Wilson,Patrick Wilson
Ray Sahetapy,Ray Sahetapy
Alan Tudyk,Alan Tudyk
Andrew Adote,Andrew Adote
Emma Stone,Emma Stone
Dominique McElligott,Dominique McElligott
Alan Alda,Alan Alda
Lin-Manuel Miranda,Lin-Manuel Miranda
Raoul Max Trujillo,Raoul Max Trujillo
Shriya Saran,Shriya Saran
George Sanders,George Sanders
Geert Van Rampelberg,Geert Van Rampelberg
Nozomu Sasaki,Nozomu Sasaki
Arnold Lucy,Arnold Lucy
Louis Wolheim,Louis Wolheim
Telly Savalas,Telly Savalas
Olivia Williams,Olivia Williams
Sarah Silverman,Sarah Silverman
Regina King,Regina King
Ming-Na Wen,Ming-Na Wen
Ranbir Kapoor,Ranbir Kapoor
Michael Caine,Michael Caine
David Carradine,David Carradine
Leland Orser,Leland Orser
Stuart Wolfenden,Stuart Wolfenden
Carroll O'Connor,Carroll O'Connor
Matt Damon,Matt Damon
Florijan Ajdini,Florijan Ajdini
Paddy Considine,Paddy Considine
Luis Tosar,Luis Tosar
Richard Haydn,Richard Haydn
Annalise Basso,Annalise Basso
Hyeong-jin Kong,Hyeong-jin Kong
Linda Cardellini,Linda Cardellini
Kirk Wise,Kirk Wise
Owen Wilson,Owen Wilson
Hardy Krüger,Hardy Krüger
Tony Chiu-Wai Leung,Tony Chiu-Wai Leung
Geoffrey Arend,Geoffrey Arend
Varun Sharma,Varun Sharma
Laia Costa,Laia Costa
Ron Livingston,Ron Livingston
Lucy Boynton,Lucy Boynton
Alan Randolph Scott,Alan Randolph Scott
Friedrich Feher,Friedrich Feher
Aidan Gillen,Aidan Gillen
Willem Dafoe,Willem Dafoe
Sakura Andô,Sakura Andô
Sam Shepard,Sam Shepard
Maribel Verdú,Maribel Verdú
Pierre Fresnay,Pierre Fresnay
Frank Lovejoy,Frank Lovejoy
Monica Viegas,Monica Viegas
Donny Alamsyah,Donny Alamsyah
Teresa Wright,Teresa Wright
Paul Winfield,Paul Winfield
Oprah Winfrey,Oprah Winfrey
Frédérique Feder,Frédérique Feder
Arshad Warsi,Arshad Warsi
Rodrigo De la Serna,Rodrigo De la Serna
Asaka Seto,Asaka Seto
John Hodgman,John Hodgman
Anna Karina,Anna Karina
Kim Tae-Woo,Kim Tae-Woo
Ellen Crawford,Ellen Crawford
Jon Lovitz,Jon Lovitz
Gracy Singh,Gracy Singh
Madeleine Stowe,Madeleine Stowe
Emily Watson,Emily Watson
Russell Brand,Russell Brand
Ringo Starr,Ringo Starr
Konstantin Lavronenko,Konstantin Lavronenko
Samuel Armstrong,Samuel Armstrong
Joseph Gordon-Levitt,Joseph Gordon-Levitt
Yun-Fat Chow,Yun-Fat Chow
Ryûnosuke Kamiki,Ryûnosuke Kamiki
Maggie Grace,Maggie Grace
Raphael Fejtö,Raphael Fejtö
Marco Giallini,Marco Giallini
Salman Khan,Salman Khan
Richard Jenkins,Richard Jenkins
Karen Allen,Karen Allen
Isabelle Huppert,Isabelle Huppert
Saifei He,Saifei He
Karl Malden,Karl Malden
Joaquin Phoenix,Joaquin Phoenix
Stephen Baldwin,Stephen Baldwin
Dick York,Dick York
Yordanos Shiferaw,Yordanos Shiferaw
Kang-ho Song,Kang-ho Song
David Silverman,David Silverman
Nafise Jafar-Mohammadi,Nafise Jafar-Mohammadi
Francine Racette,Francine Racette
Oleg Yankovskiy,Oleg Yankovskiy
Margarita Terekhova,Margarita Terekhova
Rita Hayworth,Rita Hayworth
Ana Wagener,Ana Wagener
Jin Goo,Jin Goo
Rosamund Pike,Rosamund Pike
Hugh Marlowe,Hugh Marlowe
Barkhad Abdirahman,Barkhad Abdirahman
J.T. Walsh,J.T. Walsh
Jason London,Jason London
Justin Braine,Justin Braine
Andrea Riseborough,Andrea Riseborough
Mary Elizabeth Mastrantonio,Mary Elizabeth Mastrantonio
James Gleason,James Gleason
William Holden,William Holden
John Candy,John Candy
Elizabeth McGovern,Elizabeth McGovern
Hudhail Al-Amir,Hudhail Al-Amir
Li Sun,Li Sun
Vincent Price,Vincent Price
Martin Sheen,Martin Sheen
Amy Ryan,Amy Ryan
Shin'ichi Himori,Shin'ichi Himori
Sathyaraj,Sathyaraj
Rich Moore,Rich Moore
María Mercedes Villagra,María Mercedes Villagra
Riisa Naka,Riisa Naka
John Mahoney,John Mahoney
Oliver Reed,Oliver Reed
Emilio Echevarría,Emilio Echevarría
Thibault Verhaeghe,Thibault Verhaeghe
Warren Oates,Warren Oates
Andrew Robinson,Andrew Robinson
Manjot Singh,Manjot Singh
Leila Hatami,Leila Hatami
Takao Osawa,Takao Osawa
Kirron Kher,Kirron Kher
Keir Dullea,Keir Dullea
Emeric Pressburger,Emeric Pressburger
Edward James Olmos,Edward James Olmos
Marion Cotillard,Marion Cotillard
George Harrison,George Harrison
Anthony Quinn,Anthony Quinn
Peter Finch,Peter Finch
Yoshino Kimura,Yoshino Kimura
Angela Lansbury,Angela Lansbury
Cecil Parker,Cecil Parker
Roy Dotrice,Roy Dotrice
Tisca Chopra,Tisca Chopra
Edmond O'Brien,Edmond O'Brien
Oliver Stokowski,Oliver Stokowski
Sunny Pawar,Sunny Pawar
Sam Rockwell,Sam Rockwell
Kazuya Tsurumaki,Kazuya Tsurumaki
Marilyn Ghigliotti,Marilyn Ghigliotti
Jason Segel,Jason Segel
Gary Busey,Gary Busey
Yami Gautam,Yami Gautam
Aldo Giuffrè,Aldo Giuffrè
Gemma Jones,Gemma Jones
Zazie Beetz,Zazie Beetz
Sigourney Weaver,Sigourney Weaver
Ryô Narita,Ryô Narita
Anna Kendrick,Anna Kendrick
Bradley Cooper,Bradley Cooper
Harold Ramis,Harold Ramis
Jeff Goldblum,Jeff Goldblum
Jennifer Jason Leigh,Jennifer Jason Leigh
Emma Thompson,Emma Thompson
Nurgül Yesilçay,Nurgül Yesilçay
Jemaine Clement,Jemaine Clement
Sylvia Miles,Sylvia Miles
Anjelica Huston,Anjelica Huston
Mandy Moore,Mandy Moore
Bunshi Katsura Vi,Bunshi Katsura Vi
Godfrey Tearle,Godfrey Tearle
Saeed Jaffrey,Saeed Jaffrey
Ivana Baquero,Ivana Baquero
Curt Bois,Curt Bois
Aaron Eckhart,Aaron Eckhart
George Cukor,George Cukor
Alia Bhatt,Alia Bhatt
Andy Serkis,Andy Serkis
Massimo Troisi,Massimo Troisi
Ricardo Montalban,Ricardo Montalban
Andie MacDowell,Andie MacDowell
Bruno Zanin,Bruno Zanin
Caitriona Balfe,Caitriona Balfe
Paige O'Hara,Paige O'Hara
Evan Rachel Wood,Evan Rachel Wood
Tony Moran,Tony Moran
Marcia Gay Harden,Marcia Gay Harden
Annette Bening,Annette Bening
Ian Hart,Ian Hart
Richard E. Grant,Richard E. Grant
Barry Pepper,Barry Pepper
Eli Roth,Eli Roth
Michael Biehn,Michael Biehn
Tetsurô Tanba,Tetsurô Tanba
Ki-duk Kim,Ki-duk Kim
Ruy Guerra,Ruy Guerra
River Phoenix,River Phoenix
Brigitte Helm,Brigitte Helm
Andy Garcia,Andy Garcia
Tarun Arora,Tarun Arora
Neil Patrick Harris,Neil Patrick Harris
Akshay Kumar,Akshay Kumar
Kirin Kiki,Kirin Kiki
Jay C. Flippen,Jay C. Flippen
Jyoti Malshe,Jyoti Malshe
Richard Farnsworth,Richard Farnsworth
Bill Paxton,Bill Paxton
Gastón Pauls,Gastón Pauls
Kiefer Sutherland,Kiefer Sutherland
Stephen Rea,Stephen Rea
Fernando Rey,Fernando Rey
Tom Prior,Tom Prior
Toshirô Yanagiba,Toshirô Yanagiba
Rohini Hattangadi,Rohini Hattangadi
Tugba Sunguroglu,Tugba Sunguroglu
Hugo Silva,Hugo Silva
Patton Oswalt,Patton Oswalt
Virginia Cherrill,Virginia Cherrill
Carlo Verdone,Carlo Verdone
Tom Sizemore,Tom Sizemore
Lina Leandersson,Lina Leandersson
Mercedes Morán,Mercedes Morán
Kathryn McGuire,Kathryn McGuire
Shailene Woodley,Shailene Woodley
David Hand,David Hand
Kamatari Fujiwara,Kamatari Fujiwara
Farida Jalal,Farida Jalal
Renée Zellweger,Renée Zellweger
Hee-won Kim,Hee-won Kim
Megs Jenkins,Megs Jenkins
Wil Wheaton,Wil Wheaton
Seung-Yun Lee,Seung-Yun Lee
Alison Doody,Alison Doody
Franz Rogowski,Franz Rogowski
Ida Engvoll,Ida Engvoll
Wendy Crewson,Wendy Crewson
Julia Stiles,Julia Stiles
Dianne Wiest,Dianne Wiest
Liza Minnelli,Liza Minnelli
Shelley Winters,Shelley Winters
Sam Wood,Sam Wood
William Atherton,William Atherton
Gerard Butler,Gerard Butler
George Segal,George Segal
Allison Williams,Allison Williams
Yacef Saadi,Yacef Saadi
Dick Hogan,Dick Hogan
Daniel Stern,Daniel Stern
Gabriel Byrne,Gabriel Byrne
Ashton Kutcher,Ashton Kutcher
Dexter Fletcher,Dexter Fletcher
Farhan Akhtar,Farhan Akhtar
Eiji Okada,Eiji Okada
Duane Jones,Duane Jones
Gabriele Ferzetti,Gabriele Ferzetti
Eric Baugin,Eric Baugin
Martin Milner,Martin Milner
Xolani Mali,Xolani Mali
Annu Kapoor,Annu Kapoor
Ben Hardy,Ben Hardy
Michel Auclair,Michel Auclair
Florian Lukas,Florian Lukas
Rex Harrison,Rex Harrison
Vidya Balan,Vidya Balan
Stephen Chow,Stephen Chow
Eleanor Parker,Eleanor Parker
Tung Cho 'Joe' Cheung,Tung Cho 'Joe' Cheung
Scott Glenn,Scott Glenn
Leslie Nielsen,Leslie Nielsen
Nick Frost,Nick Frost
Lea Massari,Lea Massari
James Rebhorn,James Rebhorn
Zachary Quinto,Zachary Quinto
Karisma Kapoor,Karisma Kapoor
Ayesha Kapoor,Ayesha Kapoor
Brian O'Halloran,Brian O'Halloran
Ed Helms,Ed Helms
Roman Polanski,Roman Polanski
Catherine Keener,Catherine Keener
Craig Ferguson,Craig Ferguson
In-mun Kim,In-mun Kim
François Cluzet,François Cluzet
George O'Brien,George O'Brien
Bobby Cannavale,Bobby Cannavale
Billy Connolly,Billy Connolly
Chris Sarandon,Chris Sarandon
Keri Russell,Keri Russell
Vanessa Redgrave,Vanessa Redgrave
Bette Davis,Bette Davis
Ryan Gosling,Ryan Gosling
Louis Prima,Louis Prima
Frederick Lau,Frederick Lau
Mitsuo Iwata,Mitsuo Iwata
Bruce Reitherman,Bruce Reitherman
James Garner,James Garner
Bill Sage,Bill Sage
Bertil Guve,Bertil Guve
Buzz Kilman,Buzz Kilman
Sohum Shah,Sohum Shah
Kazuko Yoshiyuki,Kazuko Yoshiyuki
Golshifteh Farahani,Golshifteh Farahani
Paul Benjamin,Paul Benjamin
Viggo Mortensen,Viggo Mortensen
Ernest B. Schoedsack,Ernest B. Schoedsack
Haya Harareet,Haya Harareet
Toni Servillo,Toni Servillo
Vladislav Dvorzhetskiy,Vladislav Dvorzhetskiy
Larry Gates,Larry Gates
Jason Lee,Jason Lee
Jake Gyllenhaal,Jake Gyllenhaal
Armando Brancia,Armando Brancia
Kalki Koechlin,Kalki Koechlin
Alex Sharp,Alex Sharp
Gladys George,Gladys George
Emmanuelle Riva,Emmanuelle Riva
George Raft,George Raft
Woody Allen,Woody Allen
Joseph Lee,Joseph Lee
Tim Holt,Tim Holt
Rei Sakuma,Rei Sakuma
Elmo Nüganen,Elmo Nüganen
Wood Harris,Wood Harris
Tommy Lee Jones,Tommy Lee Jones
Magnus Millang,Magnus Millang
Bodil Rosing,Bodil Rosing
Paul Sanchez,Paul Sanchez
Dylan Baker,Dylan Baker
Demi Moore,Demi Moore
Philippe Noiret,Philippe Noiret
Sridevi,Sridevi
Jason Robards,Jason Robards
Tiny Sandford,Tiny Sandford
Sidse Babett Knudsen,Sidse Babett Knudsen
Sumita Sanyal,Sumita Sanyal
Anne Dorval,Anne Dorval
Joe Pesci,Joe Pesci
George Macready,George Macready
Lisanne Falk,Lisanne Falk
Enzo Staiola,Enzo Staiola
Tom Hardy,Tom Hardy
Irrfan Khan,Irrfan Khan
Anthony Michael Hall,Anthony Michael Hall
Ajay Naidu,Ajay Naidu
Edward Arnold,Edward Arnold
Sarah Roemer,Sarah Roemer
Jean Arthur,Jean Arthur
Maryana Spivak,Maryana Spivak
Ford Beebe Jr.,Ford Beebe Jr.
John Saxon,John Saxon
Edmund Gwenn,Edmund Gwenn
Spencer Tracy,Spencer Tracy
Jason Mitchell,Jason Mitchell
Pushkar,Pushkar
Julian Arahanga,Julian Arahanga
Yalitza Aparicio,Yalitza Aparicio
Bria Vinaite,Bria Vinaite
Dorsey Wright,Dorsey Wright
Jesse Corti,Jesse Corti
Jared Gilman,Jared Gilman
Gustaf Skarsgård,Gustaf Skarsgård
Grigoriy Aleksandrov,Grigoriy Aleksandrov
Robert Armstrong,Robert Armstrong
Shima Iwashita,Shima Iwashita
Ben Foster,Ben Foster
Aoi Miyazaki,Aoi Miyazaki
Kate Winslet,Kate Winslet
Mayumi Izuka,Mayumi Izuka
William Daniels,William Daniels
Kyôko Kagawa,Kyôko Kagawa
Norman Ferguson,Norman Ferguson
Dave Bautista,Dave Bautista
Alec Secareanu,Alec Secareanu
Kazunari Ninomiya,Kazunari Ninomiya
John Williams,John Williams
Gabrielle Anwar,Gabrielle Anwar
Robert De Niro,Robert De Niro
Ferdia Walsh-Peelo,Ferdia Walsh-Peelo
Gattlin Griffith,Gattlin Griffith
Michelle La,Michelle La
Michel Robin,Michel Robin
Richard Gere,Richard Gere
Bruce Dern,Bruce Dern
Lee Remick,Lee Remick
Michael Fassbender,Michael Fassbender
Gunnar Björnstrand,Gunnar Björnstrand
Lauren Bacall,Lauren Bacall
Barry Bostwick,Barry Bostwick
Chris Owen,Chris Owen
Thelma Ritter,Thelma Ritter
Sondra Locke,Sondra Locke
Dean Martin,Dean Martin
Wotan Wilke Möhring,Wotan Wilke Möhring
Eiko Masuyama,Eiko Masuyama
Julie Andrews,Julie Andrews
Melisa Sözen,Melisa Sözen
Bill McKinney,Bill McKinney
Zarah Jane McKenzie,Zarah Jane McKenzie
Pruitt Taylor Vince,Pruitt Taylor Vince
Tobey Maguire,Tobey Maguire
Michelle Williams,Michelle Williams
José Baviera,José Baviera
Brahim Hadjadj,Brahim Hadjadj
Wendy Hiller,Wendy Hiller
Vincent D'Onofrio,Vincent D'Onofrio
Takashi Tachibana,Takashi Tachibana
Rudy Youngblood,Rudy Youngblood
Michael Stuhlbarg,Michael Stuhlbarg
Dick Van Dyke,Dick Van Dyke
Caleb Landry Jones,Caleb Landry Jones
Sam Waterston,Sam Waterston
Johanna ter Steege,Johanna ter Steege
Mayu Matsuoka,Mayu Matsuoka
Clifton Powell,Clifton Powell
David Morse,David Morse
Daniel Richter,Daniel Richter
Michael York,Michael York
Joan Crawford,Joan Crawford
Ansiba,Ansiba
Victor Jory,Victor Jory
Carlos Peralta,Carlos Peralta
Nina van Pallandt,Nina van Pallandt
Tom Cruise,Tom Cruise
Saswata Chatterjee,Saswata Chatterjee
Payman Maadi,Payman Maadi
Shahab Hosseini,Shahab Hosseini
Mara Krupp,Mara Krupp
Forest Whitaker,Forest Whitaker
Frances McDormand,Frances McDormand
Charlie Sheen,Charlie Sheen
Akira Ishihama,Akira Ishihama
Rebecca De Mornay,Rebecca De Mornay
Katharine Houghton,Katharine Houghton
Ernest Borgnine,Ernest Borgnine
Candela Peña,Candela Peña
Amole Gupte,Amole Gupte
Jessie Royce Landis,Jessie Royce Landis
Nursel Köse,Nursel Köse
Arno Frisch,Arno Frisch
Lillo Brancato,Lillo Brancato
Toni Collette,Toni Collette
Tommy Chong,Tommy Chong
Morena Baccarin,Morena Baccarin
Kangana Ranaut,Kangana Ranaut
Alexandre Rodrigues,Alexandre Rodrigues
Ben Kingsley,Ben Kingsley
Justin Theroux,Justin Theroux
John Hubley,John Hubley
Leila Hyams,Leila Hyams
Art Malik,Art Malik
Dan Hedaya,Dan Hedaya
Michael Gambon,Michael Gambon
Izabela Vidovic,Izabela Vidovic
Matthew Macfadyen,Matthew Macfadyen
Yûko Tanaka,Yûko Tanaka
Frank Oz,Frank Oz
Don Taylor,Don Taylor
Nikolay Sergeev,Nikolay Sergeev
Miranda Richardson,Miranda Richardson
Kathy Bates,Kathy Bates
Renée Elise Goldsberry,Renée Elise Goldsberry
Roman Griffin Davis,Roman Griffin Davis
Lillian Gish,Lillian Gish
Pierre Brasseur,Pierre Brasseur
Elizabeth Berrington,Elizabeth Berrington
Anand Gandhi,Anand Gandhi
Ralph Macchio,Ralph Macchio
Annie Potts,Annie Potts
Harry Dean Stanton,Harry Dean Stanton
Jack Thibeau,Jack Thibeau
Bruce Cabot,Bruce Cabot
Jean Heywood,Jean Heywood
Valentin Zubkov,Valentin Zubkov
Geoffrey Rush,Geoffrey Rush
Leonor Watling,Leonor Watling
Ray Liotta,Ray Liotta
Phyllis Logan,Phyllis Logan
Peter Wyngarde,Peter Wyngarde
Julie Hagerty,Julie Hagerty
Takeshi Kaneshiro,Takeshi Kaneshiro
Hector Elizondo,Hector Elizondo
Anupam Kher,Anupam Kher
Anne Le Ny,Anne Le Ny
Barry Cook,Barry Cook
Lola Dueñas,Lola Dueñas
Sady Rebbot,Sady Rebbot
Jim Sturgess,Jim Sturgess
Qiu Yuen,Qiu Yuen
Mélanie Laurent,Mélanie Laurent
Michael Peña,Michael Peña
Eijirô Tôno,Eijirô Tôno
Setsuko Hara,Setsuko Hara
Mike Vitar,Mike Vitar
Treat Williams,Treat Williams
Junko Iwao,Junko Iwao
Wendee Lee,Wendee Lee
Gert Fröbe,Gert Fröbe
Anne Bancroft,Anne Bancroft
Davor Dujmovic,Davor Dujmovic
Teresa Palmer,Teresa Palmer
Ulrich Mühe,Ulrich Mühe
Michael Madsen,Michael Madsen
Ethan Coen,Ethan Coen
Ralph Bellamy,Ralph Bellamy
Christopher Reeve,Christopher Reeve
Florence Pugh,Florence Pugh
Jessica Lange,Jessica Lange
Donna Reed,Donna Reed
Simon Yam,Simon Yam
Enrique Rambal,Enrique Rambal
Naomie Harris,Naomie Harris
David Zucker,David Zucker
Giustino Durano,Giustino Durano
Anthony Chau-Sang Wong,Anthony Chau-Sang Wong
Hitoshi Takagi,Hitoshi Takagi
Brooke Adams,Brooke Adams
Katharine Hepburn,Katharine Hepburn
Lew Ayres,Lew Ayres
Henri Serre,Henri Serre
Aleksandr Kaydanovskiy,Aleksandr Kaydanovskiy
Carol Kane,Carol Kane
Stanley Baker,Stanley Baker
Masahiko Nishimura,Masahiko Nishimura
Andrea Tariang,Andrea Tariang
Elliott Gould,Elliott Gould
Victor Buono,Victor Buono
Bajram Severdzan,Bajram Severdzan
Mervyn LeRoy,Mervyn LeRoy
Catinca Untaru,Catinca Untaru
Sharon Stone,Sharon Stone
Carrie Fisher,Carrie Fisher
Justin Henry,Justin Henry
Chishû Ryû,Chishû Ryû
Miriam Shor,Miriam Shor
Buster Keaton,Buster Keaton
Ward Bond,Ward Bond
André Berley,André Berley
Paul McGann,Paul McGann
Sally Field,Sally Field
Takashi Shimura,Takashi Shimura
Marisa Berenson,Marisa Berenson
Erdem Can,Erdem Can
Daniel Brühl,Daniel Brühl
Seamus Davey-Fitzpatrick,Seamus Davey-Fitzpatrick
Dolores Moran,Dolores Moran
Haaz Sleiman,Haaz Sleiman
Jack Lemmon,Jack Lemmon
Jean Dujardin,Jean Dujardin
Tilda Swinton,Tilda Swinton
Maurice Schutz,Maurice Schutz
Hidetoshi Nishijima,Hidetoshi Nishijima
Dominic West,Dominic West
Ben Johnson,Ben Johnson
Phillip Terry,Phillip Terry
Ana de Armas,Ana de Armas
Logan Lerman,Logan Lerman
Ralph Meeker,Ralph Meeker
Halvar Björk,Halvar Björk
Trevor Jack Brooks,Trevor Jack Brooks
Robert Stack,Robert Stack
Miki Imai,Miki Imai
Janine Darcey,Janine Darcey
Darsheel Safary,Darsheel Safary
Tim Blake Nelson,Tim Blake Nelson
F. Murray Abraham,F. Murray Abraham
Sean Bridgers,Sean Bridgers
Michael Keaton,Michael Keaton
Lori Martin,Lori Martin
Marie-Josée Croze,Marie-Josée Croze
John Ridgely,John Ridgely
Margaret Wycherly,Margaret Wycherly
Richard Armitage,Richard Armitage
Michael Beck,Michael Beck
Jake Johnson,Jake Johnson
Boluwatife Treasure Bankole,Boluwatife Treasure Bankole
Nora-Jane Noone,Nora-Jane Noone
Jüri Järvet,Jüri Järvet
Clint Eastwood,Clint Eastwood
Claire Bloom,Claire Bloom
Madhavan,Madhavan
Karlheinz Böhm,Karlheinz Böhm
Jinpachi Nezu,Jinpachi Nezu
Mary Kay Bergman,Mary Kay Bergman
Holmes Osborne,Holmes Osborne
Jean-Pierre Léaud,Jean-Pierre Léaud
Klaus Kinski,Klaus Kinski
Manuel Morón,Manuel Morón
Thomas Bo Larsen,Thomas Bo Larsen
Ahna Capri,Ahna Capri
Carroll Baker,Carroll Baker
Max Schreck,Max Schreck
Bulle Ogier,Bulle Ogier
Wilford Brimley,Wilford Brimley
Glynis Johns,Glynis Johns
Josef Altin,Josef Altin
Holly Hunter,Holly Hunter
Yutaka Sada,Yutaka Sada
Valerie Faris,Valerie Faris
Bruce Spence,Bruce Spence
Mithun Chakraborty,Mithun Chakraborty
Jean-Louis Trintignant,Jean-Louis Trintignant
Jo Hartley,Jo Hartley
Danny Elfman,Danny Elfman
John Matthews,John Matthews
Hideaki Anno,Hideaki Anno
Natalie Dessay,Natalie Dessay
Danny Glover,Danny Glover
Lorelei Linklater,Lorelei Linklater
Tom Hiddleston,Tom Hiddleston
Kevin McCarthy,Kevin McCarthy
Rufus Sewell,Rufus Sewell
Gerry Robert Byrne,Gerry Robert Byrne
Mariel Hemingway,Mariel Hemingway
Kevin Costner,Kevin Costner
Niels Arestrup,Niels Arestrup
Joséphine Lebas-Joly,Joséphine Lebas-Joly
Charles Martin Smith,Charles Martin Smith
Dee Wallace,Dee Wallace
Oscar Isaac,Oscar Isaac
James Remar,James Remar
Lorella Cravotta,Lorella Cravotta
Geneviève Page,Geneviève Page
Jacqueline Andere,Jacqueline Andere
Tuncel Kurtiz,Tuncel Kurtiz
Annika Wedderkopp,Annika Wedderkopp
Sakshi Tanwar,Sakshi Tanwar
Ezra Miller,Ezra Miller
Kawsar Al Haddad,Kawsar Al Haddad
Richard Burton,Richard Burton
Michèle Caucheteux,Michèle Caucheteux
Lembit Ulfsak,Lembit Ulfsak
Akshaye Khanna,Akshaye Khanna
Joan Fontaine,Joan Fontaine
Haluk Bilginer,Haluk Bilginer
Kang Hye-jeong,Kang Hye-jeong
Ving Rhames,Ving Rhames
Michael Lee Gogin,Michael Lee Gogin
Amitabh Bachchan,Amitabh Bachchan
Rod Steiger,Rod Steiger
Dan Riba,Dan Riba
Koyu Rankin,Koyu Rankin
Vladimir Vdovichenkov,Vladimir Vdovichenkov
Ash Brannon,Ash Brannon
Peter Brocco,Peter Brocco
Chase Ellison,Chase Ellison
Frank Langella,Frank Langella
Gina Torres,Gina Torres
Aki Maeda,Aki Maeda
Thomas Turgoose,Thomas Turgoose
Scott Weinger,Scott Weinger
Mahito Tsujimura,Mahito Tsujimura
Ellen Widmann,Ellen Widmann
Anton Walbrook,Anton Walbrook
Lydia Wilson,Lydia Wilson
Rob Maxey,Rob Maxey
Russell Means,Russell Means
Christopher Guest,Christopher Guest
Wesley Addy,Wesley Addy
Jamie Foxx,Jamie Foxx
Cuba Gooding Jr.,Cuba Gooding Jr.
Jason Statham,Jason Statham
Ann Owens,Ann Owens
Mahershala Ali,Mahershala Ali
Asha Sharath,Asha Sharath
Janusz Gajos,Janusz Gajos
Jared Bush,Jared Bush
Diane Kruger,Diane Kruger
Pavel Ponomaryov,Pavel Ponomaryov
Shôgo Furuya,Shôgo Furuya
Ram Kapoor,Ram Kapoor
Domhnall Gleeson,Domhnall Gleeson
Güven Kiraç,Güven Kiraç
Tsutomu Tatsumi,Tsutomu Tatsumi
Stanislas Carré de Malberg,Stanislas Carré de Malberg
Michelle Yeoh,Michelle Yeoh
Siu-Lung Leung,Siu-Lung Leung
James Booth,James Booth
Mark Boone Junior,Mark Boone Junior
Mads Mikkelsen,Mads Mikkelsen
Richard Basehart,Richard Basehart
Sissy Spacek,Sissy Spacek
Cameron Diaz,Cameron Diaz
Diego Starosta,Diego Starosta
Vera Miles,Vera Miles
Djimon Hounsou,Djimon Hounsou
Robby Benson,Robby Benson
Verna Bloom,Verna Bloom
Judd Nelson,Judd Nelson
Ulrich Thomsen,Ulrich Thomsen
Henry Bergman,Henry Bergman
William Shatner,William Shatner
Ruth Hussey,Ruth Hussey
Zain Al Rafeea,Zain Al Rafeea
Keanu Reeves,Keanu Reeves
Errol Flynn,Errol Flynn
William Powell,William Powell
Omar Sharif,Omar Sharif
Richard Dormer,Richard Dormer
Daisuke Ryû,Daisuke Ryû
Max Riemelt,Max Riemelt
Quentin Tarantino,Quentin Tarantino
Pupella Maggio,Pupella Maggio
Katrin Saß,Katrin Saß
Juliane Köhler,Juliane Köhler
Lorraine Gary,Lorraine Gary
Art LaFleur,Art LaFleur
Laurence Fishburne,Laurence Fishburne
Amrita Puri,Amrita Puri
Sarah Vowell,Sarah Vowell
Marlon Brando,Marlon Brando
Matt Stone,Matt Stone
Sushant Singh Rajput,Sushant Singh Rajput
Toshirô Mifune,Toshirô Mifune
Carla Quevedo,Carla Quevedo
Albert Brooks,Albert Brooks
Tatsuya Fujiwara,Tatsuya Fujiwara
Andrew Garfield,Andrew Garfield
Takeshi Kitano,Takeshi Kitano
Takuya Kimura,Takuya Kimura
Ramachandra Raju,Ramachandra Raju
Ismail Hacioglu,Ismail Hacioglu
Imelda Staunton,Imelda Staunton
Gérard Jugnot,Gérard Jugnot
Ahney Her,Ahney Her
Billy Crystal,Billy Crystal
Mayumi Tanaka,Mayumi Tanaka
Michael Rennie,Michael Rennie
Andrea Eckert,Andrea Eckert
Tallulah Bankhead,Tallulah Bankhead
Erwin Connelly,Erwin Connelly
Fred MacMurray,Fred MacMurray
Kalina Jedrusik,Kalina Jedrusik
Honor Blackman,Honor Blackman
Jo Van Fleet,Jo Van Fleet
Gary Cooper,Gary Cooper
Jodie Foster,Jodie Foster
Jerry Nelson,Jerry Nelson
Michael Sheen,Michael Sheen
Pascal Benezech,Pascal Benezech
Nat Pendleton,Nat Pendleton
Emilio Estevez,Emilio Estevez
Chete Lera,Chete Lera
Billy Crudup,Billy Crudup
Frantz Turner,Frantz Turner
Wes Bentley,Wes Bentley
Herbert Knaup,Herbert Knaup
Madeline Kahn,Madeline Kahn
Hubert Koundé,Hubert Koundé
Ananda George,Ananda George
Rajesh Abhay,Rajesh Abhay
Huck Milner,Huck Milner
Faye Dunaway,Faye Dunaway
Richard Harris,Richard Harris
Matthew McConaughey,Matthew McConaughey
Kyle MacLachlan,Kyle MacLachlan
Shraddha Kapoor,Shraddha Kapoor
Amir Farrokh Hashemian,Amir Farrokh Hashemian
Nawazuddin Siddiqui,Nawazuddin Siddiqui
Bill Hader,Bill Hader
Franca Marzi,Franca Marzi
Jean Martin,Jean Martin
Harry Crocker,Harry Crocker
Kátia Lund,Kátia Lund
Gerald R. Molen,Gerald R. Molen
Maxine Audley,Maxine Audley
Thandie Newton,Thandie Newton
Anna Massey,Anna Massey
Kurt Russell,Kurt Russell
Andy Lau,Andy Lau
Priya Anand,Priya Anand
Jackie Earle Haley,Jackie Earle Haley
Steve Carell,Steve Carell
Antonella Attili,Antonella Attili
Tabu,Tabu
Gillian Anderson,Gillian Anderson
Josh O'Connor,Josh O'Connor
Francis Capra,Francis Capra
Don Rickles,Don Rickles
Jessica Chastain,Jessica Chastain
Henry Thomas,Henry Thomas
Brooklynn Prince,Brooklynn Prince
Iko Uwais,Iko Uwais
Özge Özberk,Özge Özberk
Yun Qu,Yun Qu
Robert Ryan,Robert Ryan
Pascal Greggory,Pascal Greggory
Paul Dano,Paul Dano
Christopher Walken,Christopher Walken
Jeffrey Jones,Jeffrey Jones
Ally Sheedy,Ally Sheedy
Peter Billingsley,Peter Billingsley
Jeffrey Ho,Jeffrey Ho
Maria Doyle Kennedy,Maria Doyle Kennedy
Vanna Urbino,Vanna Urbino
Naseeruddin Shah,Naseeruddin Shah
Je-mun Yun,Je-mun Yun
Claire Maurier,Claire Maurier
Léa Seydoux,Léa Seydoux
Teri Garr,Teri Garr
Kimberly Stringer,Kimberly Stringer
Mae Clarke,Mae Clarke
Tyrone Power,Tyrone Power
Angie Dickinson,Angie Dickinson
Louis Hofmann,Louis Hofmann
Jessica Tandy,Jessica Tandy
Soha Ali Khan,Soha Ali Khan
Ciarán Hinds,Ciarán Hinds
Danielle Proulx,Danielle Proulx
Lee Yeong-ae,Lee Yeong-ae
Julie Walters,Julie Walters
Jonathan Rhys Meyers,Jonathan Rhys Meyers
Carole Lombard,Carole Lombard
Walton Goggins,Walton Goggins
Joseph A. Carpenter,Joseph A. Carpenter
Henning Moritzen,Henning Moritzen
Kayoko Kishimoto,Kayoko Kishimoto
Sylvester Stallone,Sylvester Stallone
Linda Hamilton,Linda Hamilton
Jack Kehoe,Jack Kehoe
Kenshô Ono,Kenshô Ono
Konkona Sen Sharma,Konkona Sen Sharma
Dafne Keen,Dafne Keen
John Payne,John Payne
Bruno Ganz,Bruno Ganz
Julia Jones,Julia Jones
Predrag 'Miki' Manojlovic,Predrag 'Miki' Manojlovic
Stella Dassas,Stella Dassas
Shelley Duvall,Shelley Duvall
Thierry van Werveke,Thierry van Werveke
Bruce Campbell,Bruce Campbell
Roy Scheider,Roy Scheider
Zamira Saunders,Zamira Saunders
Erich von Stroheim,Erich von Stroheim
Amy Poehler,Amy Poehler
Lucas Hedges,Lucas Hedges
Kate Ashfield,Kate Ashfield
Andrew Shim,Andrew Shim
Tom Hanks,Tom Hanks
Gaspard Ulliel,Gaspard Ulliel
Filipp Yankovskiy,Filipp Yankovskiy
Daisy Ridley,Daisy Ridley
Gore Vidal,Gore Vidal
Michael J. Fox,Michael J. Fox
Melinda Dillon,Melinda Dillon
Maureen O'Hara,Maureen O'Hara
Joan Chen,Joan Chen
Mohit Raina,Mohit Raina
Song Wok-suk,Song Wok-suk
Jeff Bridges,Jeff Bridges
Tony Curtis,Tony Curtis
Pauline Burlet,Pauline Burlet
Frank Finlay,Frank Finlay
Kagiso Kuypers,Kagiso Kuypers
Anushka Sharma,Anushka Sharma
Aleksey Kravchenko,Aleksey Kravchenko
Aleksandr Antonov,Aleksandr Antonov
Thierry Lhermitte,Thierry Lhermitte
Robert Mitchum,Robert Mitchum
Bridget Moynahan,Bridget Moynahan
Fredric March,Fredric March
Tôru Furuya,Tôru Furuya
Milla Jovovich,Milla Jovovich
Ellar Coltrane,Ellar Coltrane
Véra Clouzot,Véra Clouzot
Dennis Farina,Dennis Farina
Shûichirô Moriyama,Shûichirô Moriyama
Samantha Morton,Samantha Morton
Daniel Prévost,Daniel Prévost
Melora Walters,Melora Walters
Georges Siatidis,Georges Siatidis
O'Shea Jackson Jr.,O'Shea Jackson Jr.
Robert Redford,Robert Redford
Eric Schweig,Eric Schweig
Cathy Moriarty,Cathy Moriarty
Rachel McAdams,Rachel McAdams
Kyung-jin Lee,Kyung-jin Lee
Mary McDonnell,Mary McDonnell
Bee Vang,Bee Vang
Ho-jin Chun,Ho-jin Chun
Daniel Day-Lewis,Daniel Day-Lewis
Shraddha Srinath,Shraddha Srinath
Aoi Yûki,Aoi Yûki
Malin Akerman,Malin Akerman
Victor Sjöström,Victor Sjöström
Melissa Benoist,Melissa Benoist
Caio Junqueira,Caio Junqueira
Andrew Marton,Andrew Marton
Gerd Oswald,Gerd Oswald
Eugene Silvain,Eugene Silvain
Suzanne Clément,Suzanne Clément
Luke Bracey,Luke Bracey
Tsuyoshi Ihara,Tsuyoshi Ihara
Delroy Lindo,Delroy Lindo
James Earl Jones,James Earl Jones
Jang Dong-Gun,Jang Dong-Gun
Wolfgang Lukschy,Wolfgang Lukschy
Jeff Cohen,Jeff Cohen
Margot Robbie,Margot Robbie
Amira Casar,Amira Casar
Will Poulter,Will Poulter
Adam Driver,Adam Driver
Danny Lloyd,Danny Lloyd
James Mason,James Mason
Srinidhi Shetty,Srinidhi Shetty
Jong-ho Kim,Jong-ho Kim
Gene Wilder,Gene Wilder
Kevin Peter Hall,Kevin Peter Hall
Mitsutaka Itakura,Mitsutaka Itakura
Miguel Ángel Fuentes,Miguel Ángel Fuentes
Irène Jacob,Irène Jacob
Lionel Barrymore,Lionel Barrymore
Donald Pleasence,Donald Pleasence
Freida Pinto,Freida Pinto
Sae-ron Kim,Sae-ron Kim
John Goodman,John Goodman
Barbara Hershey,Barbara Hershey
Çetin Tekindor,Çetin Tekindor
Bob Gunton,Bob Gunton
Marina de Tavira,Marina de Tavira
Hugh Bonneville,Hugh Bonneville
Richard Widmark,Richard Widmark
Kim Novak,Kim Novak
Werner Krauss,Werner Krauss
Gwyneth Paltrow,Gwyneth Paltrow
Jonathan Pryce,Jonathan Pryce
Donnie Yen,Donnie Yen
Paul Freeman,Paul Freeman
Luàna Bajrami,Luàna Bajrami
Michael Douglas,Michael Douglas
Rob Reiner,Rob Reiner
Sela Ward,Sela Ward
Louise Lemoine Torrès,Louise Lemoine Torrès
Aamir Khan,Aamir Khan
Corey Hawkins,Corey Hawkins
Jude Law,Jude Law
Abigail Breslin,Abigail Breslin
Margaret Sullavan,Margaret Sullavan
Montgomery Clift,Montgomery Clift
Yuriko Ishida,Yuriko Ishida
Mami Koyama,Mami Koyama
Jamie Bell,Jamie Bell
John Leguizamo,John Leguizamo
Peter Sellers,Peter Sellers
Baki Davrak,Baki Davrak
Emi Shinohara,Emi Shinohara
Branko Djuric,Branko Djuric
Nat Wolff,Nat Wolff
Folco Lulli,Folco Lulli
Trey Parker,Trey Parker
Rosanna Arquette,Rosanna Arquette
Zoe Saldana,Zoe Saldana
Darío Grandinetti,Darío Grandinetti
Filip Sovagovic,Filip Sovagovic
Matvey Novikov,Matvey Novikov
Giuseppe Battiston,Giuseppe Battiston
Rajat Barmecha,Rajat Barmecha
Jeremy Renner,Jeremy Renner
Julianne Moore,Julianne Moore
Alexandre Tharaud,Alexandre Tharaud
Pierre Barbaud,Pierre Barbaud
Kerry Washington,Kerry Washington
Dave Johns,Dave Johns
Dalia Hernández,Dalia Hernández
Raghuvir Yadav,Raghuvir Yadav
Anthony Gonzalez,Anthony Gonzalez
Jon Bernthal,Jon Bernthal
Randy Quaid,Randy Quaid
John Travolta,John Travolta
Yilmaz Erdogan,Yilmaz Erdogan
Justin Timberlake,Justin Timberlake
Laura Harring,Laura Harring
Josh Hartnett,Josh Hartnett
Kermit the Frog,Kermit the Frog
Barbara Bel Geddes,Barbara Bel Geddes
Arnold Schwarzenegger,Arnold Schwarzenegger
Muhammet Uzuner,Muhammet Uzuner
Bruce Davison,Bruce Davison
Tomoko Yamaguchi,Tomoko Yamaguchi
Frederic Forrest,Frederic Forrest
Caroline Goodall,Caroline Goodall
Anushka Shetty,Anushka Shetty
Nimrat Kaur,Nimrat Kaur
Octavia Spencer,Octavia Spencer
Marianne Koch,Marianne Koch
Winona Ryder,Winona Ryder
Deborah Kara Unger,Deborah Kara Unger
Rene Auberjonois,Rene Auberjonois
Sô Yamamura,Sô Yamamura
Michel Piccoli,Michel Piccoli
Kim Young-Min,Kim Young-Min
Mia Farrow,Mia Farrow
Chris Elliott,Chris Elliott
John Randolph,John Randolph
Brigitte Lin,Brigitte Lin
Per Ragnar,Per Ragnar
Jan Josef Liefers,Jan Josef Liefers
John Boyega,John Boyega
Eric Sykes,Eric Sykes
Seth Rogen,Seth Rogen
Richa Chadha,Richa Chadha
Buddy Ebsen,Buddy Ebsen
Leandro Firmino,Leandro Firmino
José Lewgoy,José Lewgoy
Joe Keaton,Joe Keaton
Brie Larson,Brie Larson
Penelope Allen,Penelope Allen
Uma Thurman,Uma Thurman
Rani Mukerji,Rani Mukerji
Bob Geldof,Bob Geldof
Cho Yeo-jeong,Cho Yeo-jeong
Jean-Pierre Lorit,Jean-Pierre Lorit
Janelle Monáe,Janelle Monáe
Julie Delpy,Julie Delpy
Elena Lyadova,Elena Lyadova
Sebastian Cabot,Sebastian Cabot
Taraneh Alidoosti,Taraneh Alidoosti
John Wray,John Wray
Bonnie Bedelia,Bonnie Bedelia
Danny Denzongpa,Danny Denzongpa
Misha Meskhi,Misha Meskhi
Mack Swain,Mack Swain
Janet Leigh,Janet Leigh
Shameik Moore,Shameik Moore
Joe Pantoliano,Joe Pantoliano
Kong Chu,Kong Chu
Colin Clive,Colin Clive
Mark Ruffalo,Mark Ruffalo
Timothy Hutton,Timothy Hutton
Sarah Miles,Sarah Miles
Karen Morley,Karen Morley
Nora Twomey,Nora Twomey
Ramon Bieri,Ramon Bieri
Yôji Matsuda,Yôji Matsuda
Gong Li,Gong Li
Isabelle Adjani,Isabelle Adjani
Rana Daggubati,Rana Daggubati
Megumi Ogata,Megumi Ogata
Pernilla Allwin,Pernilla Allwin
Julian Dennison,Julian Dennison
Vijay Sethupathi,Vijay Sethupathi
Jennifer Morrison,Jennifer Morrison
Amy Adams,Amy Adams
Debra Messing,Debra Messing
Porter Hall,Porter Hall
Herbert Lom,Herbert Lom
You Ge,You Ge
John Lennon,John Lennon
Paul Bettany,Paul Bettany
Bae Doona,Bae Doona
Richard Thorpe,Richard Thorpe
George Kennedy,George Kennedy
Noah Emmerich,Noah Emmerich
Günes Sensoy,Günes Sensoy
Reda Kateb,Reda Kateb
Vijay Varma,Vijay Varma
Cho Jin-woong,Cho Jin-woong
Elizabeth Berridge,Elizabeth Berridge
Ahmet Mümtaz Taylan,Ahmet Mümtaz Taylan
Armie Hammer,Armie Hammer
Dolly Ahluwalia,Dolly Ahluwalia
Michael B. Jordan,Michael B. Jordan
Maureen O'Sullivan,Maureen O'Sullivan
Agnes Moorehead,Agnes Moorehead
John Turturro,John Turturro
Jean-Paul Belmondo,Jean-Paul Belmondo
Zeppo Marx,Zeppo Marx
André S. Labarthe,André S. Labarthe
James McAvoy,James McAvoy
Stanley Holloway,Stanley Holloway
Mirjana Jokovic,Mirjana Jokovic
Lamberto Maggiorani,Lamberto Maggiorani
Alan Badel,Alan Badel
Thom Hoffman,Thom Hoffman
Jamie Chung,Jamie Chung
Paresh Rawal,Paresh Rawal
Alex Palmer,Alex Palmer
Leslie Cheung,Leslie Cheung
Liv Ullmann,Liv Ullmann
Linda Larkin,Linda Larkin
Chris Renaud,Chris Renaud
Paul Rudd,Paul Rudd
Rachel Ticotin,Rachel Ticotin
Cyril Cusack,Cyril Cusack
Adolphe Menjou,Adolphe Menjou
Gene Kelly,Gene Kelly
Jean-Claude Donda,Jean-Claude Donda
Jan Pinkava,Jan Pinkava
Bill Murray,Bill Murray
Shin Ha-kyun,Shin Ha-kyun
Elsa Lanchester,Elsa Lanchester
Tina Fey,Tina Fey
Carlos Martínez López,Carlos Martínez López
Marlon Wayans,Marlon Wayans
Helena Rojo,Helena Rojo
Alberto Ammann,Alberto Ammann
Danny Huston,Danny Huston
Patrick McGoohan,Patrick McGoohan
David Emge,David Emge
Samantha Isler,Samantha Isler
Edward Asner,Edward Asner
Ellen DeGeneres,Ellen DeGeneres
Lawrence A. Bonney,Lawrence A. Bonney
Jena Malone,Jena Malone
Ronnie Del Carmen,Ronnie Del Carmen
Shigesato Itoi,Shigesato Itoi
Jeon Gook-Hwan,Jeon Gook-Hwan
RJ Cyler,RJ Cyler
Donald O'Connor,Donald O'Connor
Shernaz Patel,Shernaz Patel
Rami Malek,Rami Malek
Mehdi Nebbou,Mehdi Nebbou
Cybill Shepherd,Cybill Shepherd
Judith Anderson,Judith Anderson
Terence Alexander,Terence Alexander
Jack Benny,Jack Benny
Bruno Kirby,Bruno Kirby
Lady Gaga,Lady Gaga
Harvey Korman,Harvey Korman
Harvey Keitel,Harvey Keitel
Jeff Garlin,Jeff Garlin
Christoph Waltz,Christoph Waltz
Hisako Kyôda,Hisako Kyôda
Ji-Eun Lim,Ji-Eun Lim
Sunil Shetty,Sunil Shetty
Ken Foree,Ken Foree
Prakash Belawadi,Prakash Belawadi
Marisa Paredes,Marisa Paredes
Alan Mak,Alan Mak
Amit Sadh,Amit Sadh
Lou Romano,Lou Romano
William Keighley,William Keighley
John Dall,John Dall
Danai Gurira,Danai Gurira
Ray Walston,Ray Walston
Graham Greene,Graham Greene
Kemp Powers,Kemp Powers
Irving Metzman,Irving Metzman
Leonardo DiCaprio,Leonardo DiCaprio
John Boles,John Boles
Jeff Daniels,Jeff Daniels
John Hillerman,John Hillerman
Douglas Booth,Douglas Booth
Branka Katic,Branka Katic
Ricky Nelson,Ricky Nelson
Kim Byeong-Ok,Kim Byeong-Ok
Billy Zane,Billy Zane
Eva Green,Eva Green
Alec Baldwin,Alec Baldwin
Klaus Wennemann,Klaus Wennemann
Birol Ünel,Birol Ünel
Mark Rydell,Mark Rydell
Safak Sezer,Safak Sezer
Gustav von Wangenheim,Gustav von Wangenheim
Sarah Berry,Sarah Berry
Will Smith,Will Smith
Paul Frankeur,Paul Frankeur
Mathieu Amalric,Mathieu Amalric
Andrew Kevin Walker,Andrew Kevin Walker
Sacha Baron Cohen,Sacha Baron Cohen
Reginald Gardiner,Reginald Gardiner
Saif Ali Khan,Saif Ali Khan
William H. Macy,William H. Macy
Fatima Sana Shaikh,Fatima Sana Shaikh
Sanjana Sanghi,Sanjana Sanghi
Patricia Clarkson,Patricia Clarkson
Linh Dan Pham,Linh Dan Pham
Rusty Schwimmer,Rusty Schwimmer
Sean Connery,Sean Connery
Jared Leto,Jared Leto
Linda Zilliacus,Linda Zilliacus
Adam Baldwin,Adam Baldwin
John Cassavetes,John Cassavetes
James Cromwell,James Cromwell
Elijah Smith,Elijah Smith
Lisa Haydon,Lisa Haydon
William Bendix,William Bendix
Aura Garrido,Aura Garrido
Alexandra Maria Lara,Alexandra Maria Lara
Harrison Ford,Harrison Ford
Asa Butterfield,Asa Butterfield
Keith David,Keith David
Eun-ju Lee,Eun-ju Lee
Jane Adams,Jane Adams
Tamannaah Bhatia,Tamannaah Bhatia
Ruth Gordon,Ruth Gordon
Annie Corley,Annie Corley
Yeong-hie Seo,Yeong-hie Seo
Kim Sang-kyung,Kim Sang-kyung
John Ratzenberger,John Ratzenberger
Paul Scofield,Paul Scofield
Piper Laurie,Piper Laurie
Gajraj Rao,Gajraj Rao
Kishori Ballal,Kishori Ballal
Ralph Fiennes,Ralph Fiennes
Jin-mo Joo,Jin-mo Joo
Robert Downey Jr.,Robert Downey Jr.
Ayushmann Khurrana,Ayushmann Khurrana
Rachel House,Rachel House
Alida Valli,Alida Valli
Barry Humphries,Barry Humphries
Morgan Freeman,Morgan Freeman
James Fleet,James Fleet
King Donovan,King Donovan
John Hodiak,John Hodiak
Shahid Kapoor,Shahid Kapoor
Alan Ruck,Alan Ruck
Dara Singh,Dara Singh
Kassie Wesley DePaiva,Kassie Wesley DePaiva
Norman Reedus,Norman Reedus
Sagarika Ghatge,Sagarika Ghatge
Masayuki Mori,Masayuki Mori
Jet Li,Jet Li
Alexandru Potocean,Alexandru Potocean
Ulla Jacobsson,Ulla Jacobsson
Lena Nyman,Lena Nyman
Jeremy Irons,Jeremy Irons
Harry Connick Jr.,Harry Connick Jr.
Madeleine Carroll,Madeleine Carroll
Del Negro,Del Negro
Dennis Price,Dennis Price
Rolf Lassgård,Rolf Lassgård
Jerzy Stuhr,Jerzy Stuhr
Jean Gabin,Jean Gabin
Alfred Abel,Alfred Abel
Alicia Vikander,Alicia Vikander
Richard Masur,Richard Masur
Jason Flemyng,Jason Flemyng
Brendan Gleeson,Brendan Gleeson
Philip Chan,Philip Chan
Mary Ure,Mary Ure
Sidney Poitier,Sidney Poitier
Tokiko Katô,Tokiko Katô
Tom Waits,Tom Waits
Bill Nunn,Bill Nunn
Dean-Charles Chapman,Dean-Charles Chapman
Patrick Huard,Patrick Huard
Kate Mara,Kate Mara
Victor Slezak,Victor Slezak
Emma Watson,Emma Watson
Peter Ostrum,Peter Ostrum
Marius Goring,Marius Goring
Sean Astin,Sean Astin
Tom Helmore,Tom Helmore
Mélissa Désormeaux-Poulin,Mélissa Désormeaux-Poulin
Martina Gedeck,Martina Gedeck
Mikkel Boe Følsgaard,Mikkel Boe Følsgaard
Michelle Rodriguez,Michelle Rodriguez
Benedict Cumberbatch,Benedict Cumberbatch
Abraham Attah,Abraham Attah
Gorô Naya,Gorô Naya
Marina Vasileva,Marina Vasileva
Graciela Tenenbaum,Graciela Tenenbaum
Judd Hirsch,Judd Hirsch
Nick Offerman,Nick Offerman
Robin Williams,Robin Williams
Paul Lukas,Paul Lukas
Rosario Dawson,Rosario Dawson
Rosalind Russell,Rosalind Russell
Madeline Carroll,Madeline Carroll
Lasse Fogelstrøm,Lasse Fogelstrøm
Marilyn Eastman,Marilyn Eastman
Natalya Bondarchuk,Natalya Bondarchuk
Patrick Wymark,Patrick Wymark
Tony Hale,Tony Hale
Isuzu Yamada,Isuzu Yamada
Hemendra Dandotiya,Hemendra Dandotiya
Rajat Kapoor,Rajat Kapoor
Kenneth Branagh,Kenneth Branagh
Sarah Polley,Sarah Polley
Sarah Bolger,Sarah Bolger
Soledad Villamil,Soledad Villamil
Sebastian Koch,Sebastian Koch
Shishir Sharma,Shishir Sharma
Thomasin McKenzie,Thomasin McKenzie
Lauren Ridloff,Lauren Ridloff
Kumud Mishra,Kumud Mishra
Peter van Eyck,Peter van Eyck
Jacki Weaver,Jacki Weaver
Scott Schwartz,Scott Schwartz
Howard Da Silva,Howard Da Silva
Russell Crowe,Russell Crowe
John Lurie,John Lurie
Amy Smart,Amy Smart
Yul Brynner,Yul Brynner
Ralph Brown,Ralph Brown
Lesley Sharp,Lesley Sharp
Dwight Yoakam,Dwight Yoakam
Billy Dee Williams,Billy Dee Williams
Javier Bardem,Javier Bardem
Craig T. Nelson,Craig T. Nelson
Sandra Milo,Sandra Milo
Joseph Calleia,Joseph Calleia
Edward Furlong,Edward Furlong
Mahesh Manjrekar,Mahesh Manjrekar
Veronica Cartwright,Veronica Cartwright
Patrick Horgan,Patrick Horgan
Sally Yeh,Sally Yeh
Kôichi Yamadera,Kôichi Yamadera
Alakina Mann,Alakina Mann
Burt Reynolds,Burt Reynolds
Jennifer Ulrich,Jennifer Ulrich
Sophie Okonedo,Sophie Okonedo
Nell Cattrysse,Nell Cattrysse
Kim Greist,Kim Greist
Scarlett Johansson,Scarlett Johansson
Sergi López,Sergi López
Penelope Ann Miller,Penelope Ann Miller
Gene Lockhart,Gene Lockhart
Chieko Higashiyama,Chieko Higashiyama
Toby Kebbell,Toby Kebbell
Kari Sylwan,Kari Sylwan
Emmanuelle Seigner,Emmanuelle Seigner
Silvia Pinal,Silvia Pinal
Archana Jois,Archana Jois
